"","PlantID","Seed","Observer","Date","Notes","Harvest","Block","Plot","Position","Warming","Mow","DT1","DT2","DT3","DT4","DT5","DT6","DT7","DT8","DT9","DT10","DT.Avg","SeedLength","SeedWidth","FieldDiameter","Diameter","Peduncle.","Emrg","eggCases","Cysts","goodSeed","badSeed","DateMowed","MaxHeightPostMow"
"1","1_1_1",1,"RMC","1/21/2016","sticky seeds","7/17/2015",1,1,1,"A","CTL",1.28,1.28,NA,NA,NA,NA,NA,NA,NA,NA,1.28,19.33,13.68,42.1,36.91,"Y",0,0,0,408,30,NA,73.5
"2","1_1_1",2,"RMC","1/21/2016","sticky seeds","7/17/2015",1,1,1,"A","CTL",1.47,1.28,1.34,NA,NA,NA,NA,NA,NA,NA,1.31,16.61,15,42.1,36.91,"Y",0,0,0,408,30,NA,73.5
"3","1_1_1",3,"RMC","1/21/2016","sticky seeds","7/17/2015",1,1,1,"A","CTL",1.53,1.47,NA,NA,NA,NA,NA,NA,NA,NA,1.5,16.22,14.53,42.1,36.91,"Y",0,0,0,408,30,NA,73.5
"4","1_1_1",4,"RMC","1/21/2016","sticky seeds","7/17/2015",1,1,1,"A","CTL",1.07,1.06,NA,NA,NA,NA,NA,NA,NA,NA,1.07,17.87,10.02,42.1,36.91,"Y",0,0,0,408,30,NA,73.5
"5","1_1_1",5,"RMC","1/21/2016","sticky seeds","7/17/2015",1,1,1,"A","CTL",1.25,1.37,1.21,NA,NA,NA,NA,NA,NA,NA,1.23,17.48,13.19,42.1,36.91,"Y",0,0,0,408,30,NA,73.5
"6","1_1_1",6,"RMC","1/21/2016","sticky seeds","7/17/2015",1,1,1,"A","CTL",1.72,1.84,1.9,NA,NA,NA,NA,NA,NA,NA,1.87,19.17,21.31,42.1,36.91,"Y",0,0,0,408,30,NA,73.5
"7","1_1_1",7,"RMC","1/21/2016","sticky seeds","7/17/2015",1,1,1,"A","CTL",1.41,1.47,NA,NA,NA,NA,NA,NA,NA,NA,1.44,17.83,13.52,42.1,36.91,"Y",0,0,0,408,30,NA,73.5
"8","1_1_1",8,"RMC","1/21/2016","sticky seeds","7/17/2015",1,1,1,"A","CTL",1.6,1.57,NA,NA,NA,NA,NA,NA,NA,NA,1.59,11.71,15.81,42.1,36.91,"Y",0,0,0,408,30,NA,73.5
"9","1_1_1",9,"RMC","1/21/2016","sticky seeds","7/17/2015",1,1,1,"A","CTL",1.35,1.28,NA,NA,NA,NA,NA,NA,NA,NA,1.32,18.47,19.02,42.1,36.91,"Y",0,0,0,408,30,NA,73.5
"10","1_1_1",10,"RMC","1/21/2016","sticky seeds","7/17/2015",1,1,1,"A","CTL",1.62,1.47,1.44,NA,NA,NA,NA,NA,NA,NA,2.91,12.58,16.3,42.1,36.91,"Y",0,0,0,408,30,NA,73.5
"11","1_1_2",1,"RMC","12/4/2015",NA,"7/24/2015",1,1,2,"A","E",2.53,2.6,NA,NA,NA,NA,NA,NA,NA,NA,2.57,20.14,20.61,40.26,32.93,"Y",0,0,0,41,88,"6/12/2015",42.1
"12","1_1_2",1,"RMC","1/18/2016",NA,"7/24/2015",1,1,2,"A","E",2.53,2.56,NA,NA,NA,NA,NA,NA,NA,NA,2.55,15.22,17.38,34.68,26.12,"Y",0,0,0,14,78,"6/12/2015",42.1
"13","1_1_2",2,"RMC","1/18/2016",NA,"7/24/2015",1,1,2,"A","E",2,1.93,NA,NA,NA,NA,NA,NA,NA,NA,1.97,16.29,9.89,34.68,26.12,"Y",0,0,0,14,78,"6/12/2015",42.1
"14","1_1_2",2,"RMC","12/4/2015",NA,"7/24/2015",1,1,2,"A","E",3.78,3.88,NA,NA,NA,NA,NA,NA,NA,NA,3.83,17.82,28.39,40.26,32.93,"Y",0,0,0,41,88,"6/12/2015",42.1
"15","1_1_2",3,"RMC","12/4/2015",NA,"7/24/2015",1,1,2,"A","E",2.44,2.47,NA,NA,NA,NA,NA,NA,NA,NA,2.46,19.01,21.99,40.26,32.93,"Y",0,0,0,41,88,"6/12/2015",42.1
"16","1_1_2",3,"RMC","1/18/2016",NA,"7/24/2015",1,1,2,"A","E",4.6,4.59,NA,NA,NA,NA,NA,NA,NA,NA,4.6,13.58,23.37,34.68,26.12,"Y",0,0,0,14,78,"6/12/2015",42.1
"17","1_1_2",4,"RMC","12/4/2015",NA,"7/24/2015",1,1,2,"A","E",2.56,2.57,NA,NA,NA,NA,NA,NA,NA,NA,2.57,17.86,24.35,40.26,32.93,"Y",0,0,0,41,88,"6/12/2015",42.1
"18","1_1_2",5,"RMC","12/4/2015",NA,"7/24/2015",1,1,2,"A","E",2.41,2.4,NA,NA,NA,NA,NA,NA,NA,NA,2.41,19.75,20.84,40.26,32.93,"Y",0,0,0,41,88,"6/12/2015",42.1
"19","1_1_2",6,"RMC","12/4/2015",NA,"7/24/2015",1,1,2,"A","E",2.72,2.75,NA,NA,NA,NA,NA,NA,NA,NA,2.74,19.05,26.39,40.26,32.93,"Y",0,0,0,41,88,"6/12/2015",42.1
"20","1_1_2",7,"RMC","12/4/2015",NA,"7/24/2015",1,1,2,"A","E",2.66,2.68,NA,NA,NA,NA,NA,NA,NA,NA,2.67,19.36,20.44,40.26,32.93,"Y",0,0,0,41,88,"6/12/2015",42.1
"21","1_1_2",8,"RMC","12/4/2015",NA,"7/24/2015",1,1,2,"A","E",2.88,2.94,NA,NA,NA,NA,NA,NA,NA,NA,2.91,20.83,23,40.26,32.93,"Y",0,0,0,41,88,"6/12/2015",42.1
"22","1_1_2",9,"RMC","12/4/2015",NA,"7/24/2015",1,1,2,"A","E",2.91,3,NA,NA,NA,NA,NA,NA,NA,NA,2.96,18.25,25.24,40.26,32.93,"Y",0,0,0,41,88,"6/12/2015",42.1
"23","1_1_2",10,"RMC","12/4/2015",NA,"7/24/2015",1,1,2,"A","E",3.25,3.15,NA,NA,NA,NA,NA,NA,NA,NA,3.2,17.04,24.69,40.26,32.93,"Y",0,0,0,41,88,"6/12/2015",42.1
"24","1_2_1",1,"RMC","1/18/2016",NA,"7/31/2015",1,2,1,"W","L",0.9,0.81,NA,NA,NA,NA,NA,NA,NA,NA,0.86,12.83,11.95,28.79,23.78,"Y",0,0,0,45,77,"6/19/2015",32.6
"25","1_2_1",1,"RMC","11/19/2015","unidentified insect","7/31/2015",1,2,1,"W","L",1.87,1.97,NA,NA,NA,NA,NA,NA,NA,NA,1.92,10.05,10.69,34.83,21.6,"Y",0,0,0,52,38,"6/19/2015",32.6
"26","1_2_1",2,"RMC","1/18/2016",NA,"7/31/2015",1,2,1,"W","L",1.07,1.07,NA,NA,NA,NA,NA,NA,NA,NA,1.07,13.41,13.04,28.79,23.78,"Y",0,0,0,45,77,"6/19/2015",32.6
"27","1_2_1",2,"RMC","11/19/2015","unidentified insect","7/31/2015",1,2,1,"W","L",1.87,1.91,NA,NA,NA,NA,NA,NA,NA,NA,1.89,10.93,12.54,34.83,21.6,"Y",0,0,0,52,38,"6/19/2015",32.6
"28","1_2_1",3,"RMC","1/18/2016",NA,"7/31/2015",1,2,1,"W","L",0.84,0.78,NA,NA,NA,NA,NA,NA,NA,NA,0.81,11.41,8.26,28.79,23.78,"Y",0,0,0,45,77,"6/19/2015",32.6
"29","1_2_1",4,"RMC","1/18/2016",NA,"7/31/2015",1,2,1,"W","L",0.84,0.78,NA,NA,NA,NA,NA,NA,NA,NA,0.81,10.56,10.41,28.79,23.78,"Y",0,0,0,45,77,"6/19/2015",32.6
"30","1_2_2",1,"RMC","11/12/2015","sticky seeds","7/24/2015",1,2,2,"W","CTL",0.81,0.84,NA,NA,NA,NA,NA,NA,NA,NA,0.83,15.85,19.37,43.29,33.91,"Y",0,0,0,170,13,NA,90.4
"31","1_2_3",1,"RMC","12/3/2015",NA,"7/24/2015",1,2,3,"W","E",1.84,2,1.81,NA,NA,NA,NA,NA,NA,NA,1.83,18.75,17.82,43.13,33.41,"Y",0,0,0,220,31,"6/5/2015",74.2
"32","1_2_3",1,"RMC","11/13/2015",NA,"7/24/2015",1,2,3,"W","E",2.72,2.81,NA,NA,NA,NA,NA,NA,NA,NA,2.77,12.69,19.28,41.85,30.88,"Y",0,0,0,181,58,"6/5/2015",74.2
"33","1_2_3",2,"RMC","11/13/2015",NA,"7/24/2015",1,2,3,"W","E",2.25,2.31,NA,NA,NA,NA,NA,NA,NA,NA,2.28,13.5,16.34,41.85,30.88,"Y",0,0,0,181,58,"6/5/2015",74.2
"34","1_2_3",2,"RMC","12/3/2015",NA,"7/24/2015",1,2,3,"W","E",2.25,2.28,NA,NA,NA,NA,NA,NA,NA,NA,2.27,18.94,13.36,43.13,33.41,"Y",0,0,0,220,31,"6/5/2015",74.2
"35","1_2_3",3,"RMC","12/3/2015",NA,"7/24/2015",1,2,3,"W","E",1.65,1.59,NA,NA,NA,NA,NA,NA,NA,NA,1.62,17.26,16.46,43.13,33.41,"Y",0,0,0,220,31,"6/5/2015",74.2
"36","1_2_3",3,"RMC","11/13/2015",NA,"7/24/2015",1,2,3,"W","E",2.16,2.16,NA,NA,NA,NA,NA,NA,NA,NA,2.16,13.6,14.97,41.85,30.88,"Y",0,0,0,181,58,"6/5/2015",74.2
"37","1_2_3",4,"RMC","11/13/2015",NA,"7/24/2015",1,2,3,"W","E",1.47,1.57,NA,NA,NA,NA,NA,NA,NA,NA,1.52,13.06,13.95,41.85,30.88,"Y",0,0,0,181,58,"6/5/2015",74.2
"38","1_2_3",4,"RMC","12/3/2015",NA,"7/24/2015",1,2,3,"W","E",1.97,2.03,NA,NA,NA,NA,NA,NA,NA,NA,2,18.66,15.17,43.13,33.41,"Y",0,0,0,220,31,"6/5/2015",74.2
"39","1_2_3",5,"RMC","11/13/2015",NA,"7/24/2015",1,2,3,"W","E",2.28,2.28,NA,NA,NA,NA,NA,NA,NA,NA,2.28,14.87,20.5,41.85,30.88,"Y",0,0,0,181,58,"6/5/2015",74.2
"40","1_2_3",5,"RMC","12/3/2015",NA,"7/24/2015",1,2,3,"W","E",2.47,2.43,NA,NA,NA,NA,NA,NA,NA,NA,2.45,17.32,18.09,43.13,33.41,"Y",0,0,0,220,31,"6/5/2015",74.2
"41","1_2_3",6,"RMC","11/13/2015",NA,"7/24/2015",1,2,3,"W","E",1.88,1.75,1.88,NA,NA,NA,NA,NA,NA,NA,1.88,13.48,14,41.85,30.88,"Y",0,0,0,181,58,"6/5/2015",74.2
"42","1_2_3",6,"RMC","12/3/2015",NA,"7/24/2015",1,2,3,"W","E",2.44,2.44,NA,NA,NA,NA,NA,NA,NA,NA,2.44,17.45,21.97,43.13,33.41,"Y",0,0,0,220,31,"6/5/2015",74.2
"43","1_2_3",7,"RMC","12/3/2015",NA,"7/24/2015",1,2,3,"W","E",2.13,2.22,NA,NA,NA,NA,NA,NA,NA,NA,2.18,18.48,15.3,43.13,33.41,"Y",0,0,0,220,31,"6/5/2015",74.2
"44","1_2_3",7,"RMC","11/13/2015",NA,"7/24/2015",1,2,3,"W","E",2.5,2.6,NA,NA,NA,NA,NA,NA,NA,NA,2.55,14.51,13.89,41.85,30.88,"Y",0,0,0,181,58,"6/5/2015",74.2
"45","1_2_3",8,"RMC","12/3/2015",NA,"7/24/2015",1,2,3,"W","E",2.35,2.37,NA,NA,NA,NA,NA,NA,NA,NA,2.36,19.39,20.05,43.13,33.41,"Y",0,0,0,220,31,"6/5/2015",74.2
"46","1_2_3",8,"RMC","11/13/2015",NA,"7/24/2015",1,2,3,"W","E",2.4,2.44,NA,NA,NA,NA,NA,NA,NA,NA,2.42,14.64,16.03,41.85,30.88,"Y",0,0,0,181,58,"6/5/2015",74.2
"47","1_2_3",9,"RMC","11/13/2015",NA,"7/24/2015",1,2,3,"W","E",1.72,1.82,NA,NA,NA,NA,NA,NA,NA,NA,1.77,12.83,10.95,41.85,30.88,"Y",0,0,0,181,58,"6/5/2015",74.2
"48","1_2_3",9,"RMC","12/3/2015",NA,"7/24/2015",1,2,3,"W","E",1.97,2.07,NA,NA,NA,NA,NA,NA,NA,NA,2.02,16.45,20.07,43.13,33.41,"Y",0,0,0,220,31,"6/5/2015",74.2
"49","1_2_3",10,"RMC","12/3/2015",NA,"7/24/2015",1,2,3,"W","E",2.32,2.5,2.35,NA,NA,NA,NA,NA,NA,NA,2.34,17,18.04,43.13,33.41,"Y",0,0,0,220,31,"6/5/2015",74.2
"50","1_2_3",10,"RMC","11/13/2015",NA,"7/24/2015",1,2,3,"W","E",2.78,2.66,2.65,NA,NA,NA,NA,NA,NA,NA,2.66,15.01,17,41.85,30.88,"Y",0,0,0,181,58,"6/5/2015",74.2
"51","10_1_3",1,"RMC","4/28/2016",NA,"7/31/2015",10,1,3,"W","CTL",1.59,1.72,1.66,NA,NA,NA,NA,NA,NA,NA,1.69,16.21,18.5,41.86,30.79,"Y",0,0,0,131,30,NA,89.4
"52","10_1_3",1,"RMC","5/5/2016",NA,"7/31/2015",10,1,3,"W","CTL",1.72,1.62,NA,NA,NA,NA,NA,NA,NA,NA,1.67,10.49,19.93,39.01,24.07,"Y",0,0,0,110,23,NA,89.4
"53","10_1_3",2,"RMC","5/5/2016",NA,"7/31/2015",10,1,3,"W","CTL",1.71,1.82,1.75,NA,NA,NA,NA,NA,NA,NA,1.73,7.53,20.43,39.01,24.07,"Y",0,0,0,110,23,NA,89.4
"54","10_2_1",1,"RMC","5/3/2016",NA,"7/24/2015",10,2,1,"A","CTL",1.72,1.63,NA,NA,NA,NA,NA,NA,NA,NA,1.68,13.38,21.22,38.96,28.14,"Y",0,0,0,96,80,NA,73.7
"55","10_2_1",1,"RMC","4/25/2016",NA,"7/24/2015",10,2,1,"A","CTL",2.78,2.75,NA,NA,NA,NA,NA,NA,NA,NA,2.77,19.43,27.03,45.14,29.64,"Y",0,0,0,150,20,NA,73.7
"56","10_2_1",2,"RMC","4/25/2016",NA,"7/24/2015",10,2,1,"A","CTL",2.53,2.59,NA,NA,NA,NA,NA,NA,NA,NA,2.56,18.74,28.69,45.14,29.64,"Y",0,0,0,150,20,NA,73.7
"57","10_2_1",3,"RMC","4/25/2016",NA,"7/24/2015",10,2,1,"A","CTL",2.43,2.37,NA,NA,NA,NA,NA,NA,NA,NA,2.4,19.12,25.99,45.14,29.64,"Y",0,0,0,150,20,NA,73.7
"58","10_2_1",4,"RMC","4/25/2016",NA,"7/24/2015",10,2,1,"A","CTL",2.28,2.4,2.34,NA,NA,NA,NA,NA,NA,NA,2.31,19.26,25.27,45.14,29.64,"Y",0,0,0,150,20,NA,73.7
"59","10_2_1",5,"RMC","4/25/2016",NA,"7/24/2015",10,2,1,"A","CTL",2.22,2.32,NA,NA,NA,NA,NA,NA,NA,NA,2.27,26.57,10.67,45.14,29.64,"Y",0,0,0,150,20,NA,73.7
"60","10_2_1",6,"RMC","4/25/2016",NA,"7/24/2015",10,2,1,"A","CTL",2.13,2.09,NA,NA,NA,NA,NA,NA,NA,NA,2.11,19.01,18.67,45.14,29.64,"Y",0,0,0,150,20,NA,73.7
"61","10_2_1",7,"RMC","4/25/2016",NA,"7/24/2015",10,2,1,"A","CTL",2.19,2.13,NA,NA,NA,NA,NA,NA,NA,NA,2.16,20.78,19.27,45.14,29.64,"Y",0,0,0,150,20,NA,73.7
"62","10_2_1",8,"RMC","4/25/2016",NA,"7/24/2015",10,2,1,"A","CTL",2.28,2.28,NA,NA,NA,NA,NA,NA,NA,NA,2.28,19.09,22.01,45.14,29.64,"Y",0,0,0,150,20,NA,73.7
"63","10_2_1",9,"RMC","4/25/2016",NA,"7/24/2015",10,2,1,"A","CTL",2.25,2.28,NA,NA,NA,NA,NA,NA,NA,NA,2.27,21.33,25.92,45.14,29.64,"Y",0,0,0,150,20,NA,73.7
"64","10_2_1",10,"RMC","4/25/2016",NA,"7/24/2015",10,2,1,"A","CTL",2.47,2.47,NA,NA,NA,NA,NA,NA,NA,NA,2.47,20.47,18.68,45.14,29.64,"Y",0,0,0,150,20,NA,73.7
"65","10_2_2",1,"RMC","4/28/2016",NA,"7/31/2015",10,2,2,"A","E",1.56,1.66,NA,NA,NA,NA,NA,NA,NA,NA,1.61,16.21,12.63,46.34,32.87,"Y",0,0,0,98,140,"6/5/2015",62.5
"66","10_2_2",1,"RMC","4/21/2016",NA,"7/31/2015",10,2,2,"A","E",1.6,1.62,NA,NA,NA,NA,NA,NA,NA,NA,1.61,17,14.04,48.26,31.06,"Y",0,0,0,115,100,"6/5/2015",62.5
"67","10_2_2",2,"RMC","4/28/2016",NA,"7/31/2015",10,2,2,"A","E",1.63,1.66,NA,NA,NA,NA,NA,NA,NA,NA,1.65,14.55,10.29,46.34,32.87,"Y",0,0,0,98,140,"6/5/2015",62.5
"68","10_2_2",2,"RMC","4/21/2016",NA,"7/31/2015",10,2,2,"A","E",2.85,2.75,NA,NA,NA,NA,NA,NA,NA,NA,2.8,16.17,22.48,48.26,31.06,"Y",0,0,0,115,100,"6/5/2015",62.5
"69","10_2_2",3,"RMC","4/28/2016",NA,"7/31/2015",10,2,2,"A","E",1.53,1.6,NA,NA,NA,NA,NA,NA,NA,NA,1.57,16.7,12.61,46.34,32.87,"Y",0,0,0,98,140,"6/5/2015",62.5
"70","10_2_2",3,"RMC","4/21/2016",NA,"7/31/2015",10,2,2,"A","E",1.81,1.71,NA,NA,NA,NA,NA,NA,NA,NA,1.76,16.71,17.48,48.26,31.06,"Y",0,0,0,115,100,"6/5/2015",62.5
"71","10_2_2",4,"RMC","4/28/2016",NA,"7/31/2015",10,2,2,"A","E",1.28,1.37,NA,NA,NA,NA,NA,NA,NA,NA,1.33,17.06,9.09,46.34,32.87,"Y",0,0,0,98,140,"6/5/2015",62.5
"72","10_2_2",4,"RMC","4/21/2016",NA,"7/31/2015",10,2,2,"A","E",2.13,2.12,NA,NA,NA,NA,NA,NA,NA,NA,2.13,17.47,16.34,48.26,31.06,"Y",0,0,0,115,100,"6/5/2015",62.5
"73","10_2_2",5,"RMC","4/21/2016",NA,"7/31/2015",10,2,2,"A","E",1.69,1.69,NA,NA,NA,NA,NA,NA,NA,NA,1.69,12.43,22.62,48.26,31.06,"Y",0,0,0,115,100,"6/5/2015",62.5
"74","10_2_2",5,"RMC","4/28/2016",NA,"7/31/2015",10,2,2,"A","E",2.28,2.32,NA,NA,NA,NA,NA,NA,NA,NA,2.3,17.15,16.72,46.34,32.87,"Y",0,0,0,98,140,"6/5/2015",62.5
"75","10_2_2",6,"RMC","4/21/2016",NA,"7/31/2015",10,2,2,"A","E",1.35,1.38,NA,NA,NA,NA,NA,NA,NA,NA,1.37,13.74,19.62,48.26,31.06,"Y",0,0,0,115,100,"6/5/2015",62.5
"76","10_2_2",6,"RMC","4/28/2016",NA,"7/31/2015",10,2,2,"A","E",1.5,1.5,NA,NA,NA,NA,NA,NA,NA,NA,1.5,17.45,12.16,46.34,32.87,"Y",0,0,0,98,140,"6/5/2015",62.5
"77","10_2_2",7,"RMC","4/21/2016",NA,"7/31/2015",10,2,2,"A","E",1.35,1.34,NA,NA,NA,NA,NA,NA,NA,NA,1.35,11.89,15.08,48.26,31.06,"Y",0,0,0,115,100,"6/5/2015",62.5
"78","10_2_2",7,"RMC","4/28/2016",NA,"7/31/2015",10,2,2,"A","E",1.66,1.56,NA,NA,NA,NA,NA,NA,NA,NA,1.61,16.88,11.69,46.34,32.87,"Y",0,0,0,98,140,"6/5/2015",62.5
"79","10_2_2",8,"RMC","4/28/2016",NA,"7/31/2015",10,2,2,"A","E",1.91,1.97,NA,NA,NA,NA,NA,NA,NA,NA,1.94,16.43,14.17,46.34,32.87,"Y",0,0,0,98,140,"6/5/2015",62.5
"80","10_2_2",8,"RMC","4/21/2016",NA,"7/31/2015",10,2,2,"A","E",2.28,2.25,NA,NA,NA,NA,NA,NA,NA,NA,2.27,15.37,18.42,48.26,31.06,"Y",0,0,0,115,100,"6/5/2015",62.5
"81","10_2_2",9,"RMC","4/21/2016",NA,"7/31/2015",10,2,2,"A","E",1.47,1.44,NA,NA,NA,NA,NA,NA,NA,NA,1.45,15.04,10.49,48.26,31.06,"Y",0,0,0,115,100,"6/5/2015",62.5
"82","10_2_2",9,"RMC","4/28/2016",NA,"7/31/2015",10,2,2,"A","E",1.86,1.78,NA,NA,NA,NA,NA,NA,NA,NA,1.82,16.25,13.26,46.34,32.87,"Y",0,0,0,98,140,"6/5/2015",62.5
"83","10_2_2",10,"RMC","4/21/2016",NA,"7/31/2015",10,2,2,"A","E",1.19,1.19,NA,NA,NA,NA,NA,NA,NA,NA,1.19,11.44,10.75,48.26,31.06,"Y",0,0,0,115,100,"6/5/2015",62.5
"84","10_2_2",10,"RMC","4/28/2016",NA,"7/31/2015",10,2,2,"A","E",1.84,1.85,NA,NA,NA,NA,NA,NA,NA,NA,1.85,17.17,12.1,46.34,32.87,"Y",0,0,0,98,140,"6/5/2015",62.5
"85","2_2_2",1,"RMC","1/28/2016",NA,"7/24/2015",2,2,2,"W","E",1.47,1.53,NA,NA,NA,NA,NA,NA,NA,NA,1.5,12.24,15.27,35.64,27.07,"Y",0,0,0,79,48,"6/5/2015",57.3
"86","2_2_2",1,"RMC","2/11/2016",NA,"7/24/2015",2,2,2,"W","E",2.06,2.13,NA,NA,NA,NA,NA,NA,NA,NA,2.1,13.93,19.13,44.55,31.12,"Y",0,0,0,101,56,"6/5/2015",57.3
"87","2_2_2",2,"RMC","1/28/2016",NA,"7/24/2015",2,2,2,"W","E",1.63,1.72,NA,NA,NA,NA,NA,NA,NA,NA,1.68,15.31,16.05,35.64,27.07,"Y",0,0,0,79,48,"6/5/2015",57.3
"88","2_2_2",2,"RMC","2/11/2016",NA,"7/24/2015",2,2,2,"W","E",1.81,1.84,NA,NA,NA,NA,NA,NA,NA,NA,1.83,14.92,17.01,44.55,31.12,"Y",0,0,0,101,56,"6/5/2015",57.3
"89","2_2_2",3,"RMC","1/28/2016",NA,"7/24/2015",2,2,2,"W","E",1.47,1.59,NA,NA,NA,NA,NA,NA,NA,NA,1.45,16.05,12.98,35.64,27.07,"Y",0,0,0,79,48,"6/5/2015",57.3
"90","2_2_2",3,"RMC","2/11/2016",NA,"7/24/2015",2,2,2,"W","E",1.81,1.78,NA,NA,NA,NA,NA,NA,NA,NA,1.8,14.38,17.07,44.55,31.12,"Y",0,0,0,101,56,"6/5/2015",57.3
"91","2_2_2",4,"RMC","1/28/2016",NA,"7/24/2015",2,2,2,"W","E",1.91,1.78,NA,NA,NA,NA,NA,NA,NA,NA,1.78,13.97,16.26,35.64,27.07,"Y",0,0,0,79,48,"6/5/2015",57.3
"92","2_2_2",4,"RMC","2/11/2016",NA,"7/24/2015",2,2,2,"W","E",2.15,2.1,NA,NA,NA,NA,NA,NA,NA,NA,2.13,15.06,20.33,44.55,31.12,"Y",0,0,0,101,56,"6/5/2015",57.3
"93","2_2_2",5,"RMC","1/28/2016",NA,"7/24/2015",2,2,2,"W","E",1.53,1.59,NA,NA,NA,NA,NA,NA,NA,NA,1.56,14.98,13.15,35.64,27.07,"Y",0,0,0,79,48,"6/5/2015",57.3
"94","2_2_2",5,"RMC","2/11/2016",NA,"7/24/2015",2,2,2,"W","E",2.28,2.18,NA,NA,NA,NA,NA,NA,NA,NA,2.23,16.27,20.66,44.55,31.12,"Y",0,0,0,101,56,"6/5/2015",57.3
"95","2_2_2",6,"RMC","1/28/2016",NA,"7/24/2015",2,2,2,"W","E",1.63,1.43,NA,NA,NA,NA,NA,NA,NA,NA,1.44,12.94,13.61,35.64,27.07,"Y",0,0,0,79,48,"6/5/2015",57.3
"96","2_2_2",6,"RMC","2/11/2016",NA,"7/24/2015",2,2,2,"W","E",2.37,2.31,NA,NA,NA,NA,NA,NA,NA,NA,2.34,13.11,20.54,44.55,31.12,"Y",0,0,0,101,56,"6/5/2015",57.3
"97","2_2_2",7,"RMC","1/28/2016",NA,"7/24/2015",2,2,2,"W","E",1.38,1.37,NA,NA,NA,NA,NA,NA,NA,NA,1.38,13.8,13.01,35.64,27.07,"Y",0,0,0,79,48,"6/5/2015",57.3
"98","2_2_2",7,"RMC","2/11/2016",NA,"7/24/2015",2,2,2,"W","E",2.31,2.28,NA,NA,NA,NA,NA,NA,NA,NA,2.3,14.61,19.4,44.55,31.12,"Y",0,0,0,101,56,"6/5/2015",57.3
"99","2_2_2",8,"RMC","1/28/2016",NA,"7/24/2015",2,2,2,"W","E",1.59,1.57,NA,NA,NA,NA,NA,NA,NA,NA,1.58,13.99,16.72,35.64,27.07,"Y",0,0,0,79,48,"6/5/2015",57.3
"100","2_2_2",8,"RMC","2/11/2016",NA,"7/24/2015",2,2,2,"W","E",1.85,1.91,NA,NA,NA,NA,NA,NA,NA,NA,1.88,13.36,18.13,44.55,31.12,"Y",0,0,0,101,56,"6/5/2015",57.3
"101","2_2_2",9,"RMC","1/28/2016",NA,"7/24/2015",2,2,2,"W","E",1.62,1.56,NA,NA,NA,NA,NA,NA,NA,NA,1.59,15.23,13.86,35.64,27.07,"Y",0,0,0,79,48,"6/5/2015",57.3
"102","2_2_2",9,"RMC","2/11/2016",NA,"7/24/2015",2,2,2,"W","E",2.13,2.15,NA,NA,NA,NA,NA,NA,NA,NA,2.14,14.77,18.64,44.55,31.12,"Y",0,0,0,101,56,"6/5/2015",57.3
"103","2_2_2",10,"RMC","1/28/2016",NA,"7/24/2015",2,2,2,"W","E",1.5,1.5,NA,NA,NA,NA,NA,NA,NA,NA,1.5,14.44,12.07,35.64,27.07,"Y",0,0,0,79,48,"6/5/2015",57.3
"104","2_2_2",10,"RMC","2/11/2016",NA,"7/24/2015",2,2,2,"W","E",2.31,2.41,NA,NA,NA,NA,NA,NA,NA,NA,2.36,15.18,16.42,44.55,31.12,"Y",0,0,0,101,56,"6/5/2015",57.3
"105","3_1_2",1,"RMC","10/5/2016",NA,"7/24/2015",3,1,2,"A","E",1.4,1.41,NA,NA,NA,NA,NA,NA,NA,NA,1.41,15.77,11.28,32.7,22.92,"Y",0,0,0,89,29,"6/12/2015",55.1
"106","3_1_2",1,"RMC","10/12/2016",NA,"7/24/2015",3,1,2,"A","E",1.5,1.44,NA,NA,NA,NA,NA,NA,NA,NA,1.47,16.68,13.61,40.47,30.45,"Y",0,0,0,102,32,"6/12/2015",55.1
"107","3_1_2",2,"RMC","10/5/2016",NA,"7/24/2015",3,1,2,"A","E",1.41,1.35,NA,NA,NA,NA,NA,NA,NA,NA,1.38,16.38,11.99,32.7,22.92,"Y",0,0,0,89,29,"6/12/2015",55.1
"108","3_1_2",2,"RMC","10/12/2016",NA,"7/24/2015",3,1,2,"A","E",2.03,2.04,NA,NA,NA,NA,NA,NA,NA,NA,2.04,15.46,20.61,40.47,30.45,"Y",0,0,0,102,32,"6/12/2015",55.1
"109","3_1_2",3,"RMC","10/5/2016",NA,"7/24/2015",3,1,2,"A","E",1.4,1.37,NA,NA,NA,NA,NA,NA,NA,NA,1.39,15.88,11.32,32.7,22.92,"Y",0,0,0,89,29,"6/12/2015",55.1
"110","3_1_2",3,"RMC","10/12/2016",NA,"7/24/2015",3,1,2,"A","E",1.91,1.88,NA,NA,NA,NA,NA,NA,NA,NA,1.9,12.77,17.25,40.47,30.45,"Y",0,0,0,102,32,"6/12/2015",55.1
"111","3_1_2",4,"RMC","10/5/2016",NA,"7/24/2015",3,1,2,"A","E",1.25,1.28,NA,NA,NA,NA,NA,NA,NA,NA,1.27,15.56,11.23,32.7,22.92,"Y",0,0,0,89,29,"6/12/2015",55.1
"112","3_1_2",4,"RMC","10/12/2016",NA,"7/24/2015",3,1,2,"A","E",1.53,1.47,NA,NA,NA,NA,NA,NA,NA,NA,1.5,17.64,13.38,40.47,30.45,"Y",0,0,0,102,32,"6/12/2015",55.1
"113","3_1_2",5,"RMC","10/5/2016",NA,"7/24/2015",3,1,2,"A","E",1.04,0.85,1.13,NA,NA,NA,NA,NA,NA,NA,1.09,14.65,7.82,32.7,22.92,"Y",0,0,0,89,29,"6/12/2015",55.1
"114","3_1_2",5,"RMC","10/12/2016",NA,"7/24/2015",3,1,2,"A","E",1.82,1.68,1.75,NA,NA,NA,NA,NA,NA,NA,1.79,17.83,19.94,40.47,30.45,"Y",0,0,0,102,32,"6/12/2015",55.1
"115","3_1_2",6,"RMC","10/5/2016",NA,"7/24/2015",3,1,2,"A","E",0.97,1.22,1.16,NA,NA,NA,NA,NA,NA,NA,1.19,14.91,9.02,32.7,22.92,"Y",0,0,0,89,29,"6/12/2015",55.1
"116","3_1_2",6,"RMC","10/12/2016",NA,"7/24/2015",3,1,2,"A","E",1.6,1.6,NA,NA,NA,NA,NA,NA,NA,NA,1.6,15.07,10.19,40.47,30.45,"Y",0,0,0,102,32,"6/12/2015",55.1
"117","3_1_2",7,"RMC","10/5/2016",NA,"7/24/2015",3,1,2,"A","E",1.06,1.06,NA,NA,NA,NA,NA,NA,NA,NA,1.06,14.23,8.03,32.7,22.92,"Y",0,0,0,89,29,"6/12/2015",55.1
"118","3_1_2",7,"RMC","10/12/2016",NA,"7/24/2015",3,1,2,"A","E",1.72,1.72,NA,NA,NA,NA,NA,NA,NA,NA,1.72,17.3,15.26,40.47,30.45,"Y",0,0,0,102,32,"6/12/2015",55.1
"119","3_1_2",8,"RMC","10/5/2016",NA,"7/24/2015",3,1,2,"A","E",1.07,1.12,NA,NA,NA,NA,NA,NA,NA,NA,1.1,14.78,8.47,32.7,22.92,"Y",0,0,0,89,29,"6/12/2015",55.1
"120","3_1_2",8,"RMC","10/12/2016",NA,"7/24/2015",3,1,2,"A","E",2,1.9,NA,NA,NA,NA,NA,NA,NA,NA,1.95,15.53,16.36,40.47,30.45,"Y",0,0,0,102,32,"6/12/2015",55.1
"121","3_1_2",9,"RMC","10/12/2016",NA,"7/24/2015",3,1,2,"A","E",1.71,1.62,NA,NA,NA,NA,NA,NA,NA,NA,1.67,14.83,10.87,40.47,30.45,"Y",0,0,0,102,32,"6/12/2015",55.1
"122","3_1_2",9,"RMC","10/5/2016",NA,"7/24/2015",3,1,2,"A","E",1.81,1.66,1.81,NA,NA,NA,NA,NA,NA,NA,1.81,15.84,14.92,32.7,22.92,"Y",0,0,0,89,29,"6/12/2015",55.1
"123","3_1_2",10,"RMC","10/5/2016",NA,"7/24/2015",3,1,2,"A","E",1.25,1.25,NA,NA,NA,NA,NA,NA,NA,NA,1.25,16.22,11.53,32.7,22.92,"Y",0,0,0,89,29,"6/12/2015",55.1
"124","3_1_2",10,"RMC","10/12/2016",NA,"7/24/2015",3,1,2,"A","E",1.9,1.85,NA,NA,NA,NA,NA,NA,NA,NA,1.88,16.72,17.53,40.47,30.45,"Y",0,0,0,102,32,"6/12/2015",55.1
"125","3_1_3",1,"RMC","10/14/2016",NA,"7/24/2015",3,1,3,"A","CTL",2.06,2.06,NA,NA,NA,NA,NA,NA,NA,NA,2.06,22.04,19.31,41.84,32.89,"Y",0,0,0,199,72,NA,58.5
"126","3_2_1",1,"RMC","12/2/2016",NA,"7/24/2015",3,2,1,"W","CTL",1.62,1.56,NA,NA,NA,NA,NA,NA,NA,NA,1.59,22.28,30.06,50.96,37.6,"Y",0,0,0,249,24,NA,88.4
"127","3_2_1",2,"RMC","12/2/2016",NA,"7/24/2015",3,2,1,"W","CTL",1.04,1.09,NA,NA,NA,NA,NA,NA,NA,NA,1.07,19.17,10.93,50.96,37.6,"Y",0,0,0,249,24,NA,88.4
"128","3_2_1",3,"RMC","12/2/2016",NA,"7/24/2015",3,2,1,"W","CTL",1.1,0.94,0.97,NA,NA,NA,NA,NA,NA,NA,0.96,21.5,7.04,50.96,37.6,"Y",0,0,0,249,24,NA,88.4
"129","3_2_1",4,"RMC","12/2/2016",NA,"7/24/2015",3,2,1,"W","CTL",1.5,1.4,NA,NA,NA,NA,NA,NA,NA,NA,1.45,14.68,20.57,50.96,37.6,"Y",0,0,0,249,24,NA,88.4
"130","3_2_1",5,"RMC","12/2/2016",NA,"7/24/2015",3,2,1,"W","CTL",2.03,1.97,NA,NA,NA,NA,NA,NA,NA,NA,2,21.2,27.57,50.96,37.6,"Y",0,0,0,249,24,NA,88.4
"131","3_2_2",1,"RMC","9/30/2016",NA,"7/24/2015",3,2,2,"W","L",1.28,1.32,NA,NA,NA,NA,NA,NA,NA,NA,1.3,NA,NA,38.64,24.69,"Y",0,0,0,63,70,"6/13/2015",49.6
"132","3_2_2",2,"RMC","9/30/2016",NA,"7/24/2015",3,2,2,"W","L",1.56,1.53,NA,NA,NA,NA,NA,NA,NA,NA,1.55,NA,NA,38.64,24.69,"Y",0,0,0,63,70,"6/13/2015",49.6
"133","3_2_2",3,"RMC","9/30/2016",NA,"7/24/2015",3,2,2,"W","L",1.22,1.25,NA,NA,NA,NA,NA,NA,NA,NA,1.24,NA,NA,38.64,24.69,"Y",0,0,0,63,70,"6/13/2015",49.6
"134","3_2_2",4,"RMC","9/30/2016",NA,"7/24/2015",3,2,2,"W","L",0.81,0.71,NA,NA,NA,NA,NA,NA,NA,NA,0.76,NA,NA,38.64,24.69,"Y",0,0,0,63,70,"6/13/2015",49.6
"135","3_2_2",5,"RMC","9/30/2016",NA,"7/24/2015",3,2,2,"W","L",1.56,1.53,NA,NA,NA,NA,NA,NA,NA,NA,1.55,NA,NA,38.64,24.69,"Y",0,0,0,63,70,"6/13/2015",49.6
"136","3_2_2",6,"RMC","9/30/2016",NA,"7/24/2015",3,2,2,"W","L",1.65,1.63,NA,NA,NA,NA,NA,NA,NA,NA,1.64,NA,NA,38.64,24.69,"Y",0,0,0,63,70,"6/13/2015",49.6
"137","3_2_2",7,"RMC","9/30/2016",NA,"7/24/2015",3,2,2,"W","L",1.47,1.5,NA,NA,NA,NA,NA,NA,NA,NA,1.49,NA,NA,38.64,24.69,"Y",0,0,0,63,70,"6/13/2015",49.6
"138","3_2_2",8,"RMC","9/30/2016",NA,"7/24/2015",3,2,2,"W","L",0.91,0.9,NA,NA,NA,NA,NA,NA,NA,NA,0.91,NA,NA,38.64,24.69,"Y",0,0,0,63,70,"6/13/2015",49.6
"139","3_2_2",9,"RMC","9/30/2016",NA,"7/24/2015",3,2,2,"W","L",1.19,1.32,1.37,NA,NA,NA,NA,NA,NA,NA,1.35,NA,NA,38.64,24.69,"Y",0,0,0,63,70,"6/13/2015",49.6
"140","3_2_2",10,"RMC","9/30/2016",NA,"7/24/2015",3,2,2,"W","L",1.19,1.18,NA,NA,NA,NA,NA,NA,NA,NA,1.19,NA,NA,38.64,24.69,"Y",0,0,0,63,70,"6/13/2015",49.6
"141","3_2_3",1,"RMC","9/23/2016",NA,"7/31/2015",3,2,3,"W","E",1.5,1.78,1.53,NA,NA,NA,NA,NA,NA,NA,1.52,18.55,13.67,40.86,28.13,"Y",0,0,0,167,59,"6/5/2015",86.7
"142","3_2_3",1,"RMC","10/12/2016",NA,"7/31/2015",3,2,3,"W","E",1.6,1.66,NA,NA,NA,NA,NA,NA,NA,NA,1.63,14.02,17.04,39.23,31.44,"Y",0,0,0,188,50,"6/5/2015",86.7
"143","4_1_1",1,"RMC","10/21/2016",NA,"7/24/2015",4,1,1,"W","E",1.69,1.72,NA,NA,NA,NA,NA,NA,NA,NA,1.71,11.5,18.74,45.1,35.42,"Y",0,0,0,116,246,"5/29/2015",81.9
"144","4_1_1",1,"RMC","11/2/2016",NA,"7/24/2015",4,1,1,"W","E",1.91,1.78,1.81,NA,NA,NA,NA,NA,NA,NA,1.8,19.16,15.64,56.84,32.86,"Y",0,0,0,105,262,"5/29/2015",81.9
"145","4_1_1",2,"RMC","10/21/2016",NA,"7/24/2015",4,1,1,"W","E",1.44,1.38,NA,NA,NA,NA,NA,NA,NA,NA,1.41,15.11,15.45,45.1,35.42,"Y",0,0,0,116,246,"5/29/2015",81.9
"146","4_1_1",2,"RMC","11/2/2016",NA,"7/24/2015",4,1,1,"W","E",1.69,1.75,NA,NA,NA,NA,NA,NA,NA,NA,1.72,17.37,16.51,56.84,32.86,"Y",0,0,0,105,262,"5/29/2015",81.9
"147","4_1_1",3,"RMC","10/21/2016",NA,"7/24/2015",4,1,1,"W","E",1.5,1.56,NA,NA,NA,NA,NA,NA,NA,NA,1.53,21.51,17.92,45.1,35.42,"Y",0,0,0,116,246,"5/29/2015",81.9
"148","4_1_1",3,"RMC","11/2/2016",NA,"7/24/2015",4,1,1,"W","E",1.88,1.85,NA,NA,NA,NA,NA,NA,NA,NA,1.87,19.09,10.3,56.84,32.86,"Y",0,0,0,105,262,"5/29/2015",81.9
"149","4_1_1",4,"RMC","10/21/2016",NA,"7/24/2015",4,1,1,"W","E",0.87,1,1.06,NA,NA,NA,NA,NA,NA,NA,1.03,16.81,9.5,45.1,35.42,"Y",0,0,0,116,246,"5/29/2015",81.9
"150","4_1_1",4,"RMC","11/2/2016",NA,"7/24/2015",4,1,1,"W","E",1.63,1.63,NA,NA,NA,NA,NA,NA,NA,NA,1.63,17.81,14.52,56.84,32.86,"Y",0,0,0,105,262,"5/29/2015",81.9
"151","4_1_1",5,"RMC","10/21/2016",NA,"7/24/2015",4,1,1,"W","E",1.34,1.28,NA,NA,NA,NA,NA,NA,NA,NA,1.31,19.14,15.76,45.1,35.42,"Y",0,0,0,116,246,"5/29/2015",81.9
"152","4_1_1",5,"RMC","11/2/2016",NA,"7/24/2015",4,1,1,"W","E",1.59,1.72,1.59,NA,NA,NA,NA,NA,NA,NA,1.59,18.91,17.58,56.84,32.86,"Y",0,0,0,105,262,"5/29/2015",81.9
"153","4_1_1",6,"RMC","10/21/2016",NA,"7/24/2015",4,1,1,"W","E",1.12,1.12,NA,NA,NA,NA,NA,NA,NA,NA,1.12,19.25,16.88,45.1,35.42,"Y",0,0,0,116,246,"5/29/2015",81.9
"154","4_1_1",6,"RMC","11/2/2016",NA,"7/24/2015",4,1,1,"W","E",2.75,2.37,2.44,NA,NA,NA,NA,NA,NA,NA,2.41,16.79,20.93,56.84,32.86,"Y",0,0,0,105,262,"5/29/2015",81.9
"155","4_1_1",7,"RMC","10/21/2016",NA,"7/24/2015",4,1,1,"W","E",1.25,1.25,NA,NA,NA,NA,NA,NA,NA,NA,1.25,19.89,13.72,45.1,35.42,"Y",0,0,0,116,246,"5/29/2015",81.9
"156","4_1_1",7,"RMC","11/2/2016",NA,"7/24/2015",4,1,1,"W","E",1.97,1.9,NA,NA,NA,NA,NA,NA,NA,NA,1.94,16.34,13.15,56.84,32.86,"Y",0,0,0,105,262,"5/29/2015",81.9
"157","4_1_1",8,"RMC","10/21/2016",NA,"7/24/2015",4,1,1,"W","E",1.37,1.35,NA,NA,NA,NA,NA,NA,NA,NA,1.36,16.78,18.59,45.1,35.42,"Y",0,0,0,116,246,"5/29/2015",81.9
"158","4_1_1",8,"RMC","11/2/2016",NA,"7/24/2015",4,1,1,"W","E",1.5,1.56,NA,NA,NA,NA,NA,NA,NA,NA,1.53,17.45,13.44,56.84,32.86,"Y",0,0,0,105,262,"5/29/2015",81.9
"159","4_1_1",9,"RMC","10/21/2016",NA,"7/24/2015",4,1,1,"W","E",1.34,1.44,NA,NA,NA,NA,NA,NA,NA,NA,1.39,16.5,16.25,45.1,35.42,"Y",0,0,0,116,246,"5/29/2015",81.9
"160","4_1_1",9,"RMC","11/2/2016",NA,"7/24/2015",4,1,1,"W","E",1.81,1.72,NA,NA,NA,NA,NA,NA,NA,NA,1.77,19.22,10.44,56.84,32.86,"Y",0,0,0,105,262,"5/29/2015",81.9
"161","4_1_1",10,"RMC","10/21/2016",NA,"7/24/2015",4,1,1,"W","E",1.03,1.1,NA,NA,NA,NA,NA,NA,NA,NA,1.07,19.77,8.56,45.1,35.42,"Y",0,0,0,116,246,"5/29/2015",81.9
"162","4_1_1",10,"RMC","11/2/2016",NA,"7/24/2015",4,1,1,"W","E",1.72,1.62,NA,NA,NA,NA,NA,NA,NA,NA,1.67,17.62,16.35,56.84,32.86,"Y",0,0,0,105,262,"5/29/2015",81.9
"163","4_1_3",1,"RMC","11/4/2016",NA,"7/17/2015",4,1,3,"W","CTL",1.56,1.53,NA,NA,NA,NA,NA,NA,NA,NA,1.55,15.88,16.99,39.83,25.43,"Y",0,0,0,123,21,NA,65
"164","4_1_3",2,"RMC","11/4/2016",NA,"7/17/2015",4,1,3,"W","CTL",1.37,1.41,NA,NA,NA,NA,NA,NA,NA,NA,1.39,16.7,13.1,39.83,25.43,"Y",0,0,0,123,21,NA,65
"165","4_1_3",3,"RMC","11/4/2016",NA,"7/17/2015",4,1,3,"W","CTL",1.13,1.09,NA,NA,NA,NA,NA,NA,NA,NA,1.11,18.46,11.23,39.83,25.43,"Y",0,0,0,123,21,NA,65
"166","4_1_3",4,"RMC","11/4/2016",NA,"7/17/2015",4,1,3,"W","CTL",1.62,1.56,NA,NA,NA,NA,NA,NA,NA,NA,1.59,16.69,24.18,39.83,25.43,"Y",0,0,0,123,21,NA,65
"167","4_1_3",5,"RMC","11/4/2016",NA,"7/17/2015",4,1,3,"W","CTL",1.5,1.47,NA,NA,NA,NA,NA,NA,NA,NA,1.49,9.52,23.83,39.83,25.43,"Y",0,0,0,123,21,NA,65
"168","4_1_3",6,"RMC","11/4/2016",NA,"7/17/2015",4,1,3,"W","CTL",1.47,1.46,NA,NA,NA,NA,NA,NA,NA,NA,1.47,16.33,17.11,39.83,25.43,"Y",0,0,0,123,21,NA,65
"169","4_1_3",7,"RMC","11/4/2016",NA,"7/17/2015",4,1,3,"W","CTL",1.34,1.31,NA,NA,NA,NA,NA,NA,NA,NA,1.33,17.6,16.02,39.83,25.43,"Y",0,0,0,123,21,NA,65
"170","4_1_3",8,"RMC","11/4/2016",NA,"7/17/2015",4,1,3,"W","CTL",1.53,1.5,NA,NA,NA,NA,NA,NA,NA,NA,1.52,14.81,21.4,39.83,25.43,"Y",0,0,0,123,21,NA,65
"171","4_2_2",1,"RMC","10/19/2016",NA,"7/24/2015",4,2,2,"A","E",1.75,1.78,NA,NA,NA,NA,NA,NA,NA,NA,1.77,12.35,20.96,36.11,26.71,"Y",0,0,0,122,9,"6/5/2015",76.5
"172","4_2_2",1,"RMC","11/16/2016",NA,"7/24/2015",4,2,2,"A","E",3.03,2.97,NA,NA,NA,NA,NA,NA,NA,NA,3,17.4,26.32,41.51,28.93,"Y",0,0,0,157,26,"6/5/2015",76.5
"173","4_2_2",2,"RMC","10/19/2016",NA,"7/24/2015",4,2,2,"A","E",1.87,1.81,NA,NA,NA,NA,NA,NA,NA,NA,1.84,19.91,19.09,36.11,26.71,"Y",0,0,0,122,9,"6/5/2015",76.5
"174","4_2_2",2,"RMC","11/16/2016",NA,"7/24/2015",4,2,2,"A","E",2.31,2.22,NA,NA,NA,NA,NA,NA,NA,NA,2.27,15.63,22.4,41.51,28.93,"Y",0,0,0,157,26,"6/5/2015",76.5
"175","4_2_2",3,"RMC","10/19/2016",NA,"7/24/2015",4,2,2,"A","E",2.06,2.03,NA,NA,NA,NA,NA,NA,NA,NA,2.05,17.14,20.1,36.11,26.71,"Y",0,0,0,122,9,"6/5/2015",76.5
"176","4_2_2",3,"RMC","11/16/2016",NA,"7/24/2015",4,2,2,"A","E",3.19,3.15,NA,NA,NA,NA,NA,NA,NA,NA,3.17,17.19,24.69,41.51,28.93,"Y",0,0,0,157,26,"6/5/2015",76.5
"177","4_2_2",4,"RMC","10/19/2016",NA,"7/24/2015",4,2,2,"A","E",2.22,2.03,2.32,NA,NA,NA,NA,NA,NA,NA,2.27,19.78,21.95,36.11,26.71,"Y",0,0,0,122,9,"6/5/2015",76.5
"178","4_2_2",4,"RMC","11/16/2016",NA,"7/24/2015",4,2,2,"A","E",2.43,2.66,2.54,2.53,NA,NA,NA,NA,NA,NA,2.54,18.15,22.37,41.51,28.93,"Y",0,0,0,157,26,"6/5/2015",76.5
"179","4_2_2",5,"RMC","10/19/2016",NA,"7/24/2015",4,2,2,"A","E",1.87,1.84,NA,NA,NA,NA,NA,NA,NA,NA,1.86,21.4,21.51,36.11,26.71,"Y",0,0,0,122,9,"6/5/2015",76.5
"180","4_2_2",5,"RMC","11/16/2016",NA,"7/24/2015",4,2,2,"A","E",2.28,2.41,2.35,NA,NA,NA,NA,NA,NA,NA,2.38,18.95,22.23,41.51,28.93,"Y",0,0,0,157,26,"6/5/2015",76.5
"181","4_2_2",6,"RMC","10/19/2016",NA,"7/24/2015",4,2,2,"A","E",1.63,1.63,NA,NA,NA,NA,NA,NA,NA,NA,1.63,19.71,15.91,36.11,26.71,"Y",0,0,0,122,9,"6/5/2015",76.5
"182","4_2_2",6,"RMC","11/16/2016",NA,"7/24/2015",4,2,2,"A","E",2.85,2.87,NA,NA,NA,NA,NA,NA,NA,NA,2.86,18.67,20.21,41.51,28.93,"Y",0,0,0,157,26,"6/5/2015",76.5
"183","4_2_2",7,"RMC","10/19/2016",NA,"7/24/2015",4,2,2,"A","E",1.78,1.75,NA,NA,NA,NA,NA,NA,NA,NA,1.77,18.27,22.16,36.11,26.71,"Y",0,0,0,122,9,"6/5/2015",76.5
"184","4_2_2",7,"RMC","11/16/2016",NA,"7/24/2015",4,2,2,"A","E",2.28,2.25,NA,NA,NA,NA,NA,NA,NA,NA,2.27,17.38,19.25,41.51,28.93,"Y",0,0,0,157,26,"6/5/2015",76.5
"185","4_2_2",8,"RMC","10/19/2016",NA,"7/24/2015",4,2,2,"A","E",2.16,2.06,NA,NA,NA,NA,NA,NA,NA,NA,2.11,19.99,17.95,36.11,26.71,"Y",0,0,0,122,9,"6/5/2015",76.5
"186","4_2_2",8,"RMC","11/16/2016",NA,"7/24/2015",4,2,2,"A","E",2.43,2.41,NA,NA,NA,NA,NA,NA,NA,NA,2.42,17.65,23.56,41.51,28.93,"Y",0,0,0,157,26,"6/5/2015",76.5
"187","4_2_2",9,"RMC","10/19/2016",NA,"7/24/2015",4,2,2,"A","E",1.91,1.97,NA,NA,NA,NA,NA,NA,NA,NA,1.94,14.92,23.44,36.11,26.71,"Y",0,0,0,122,9,"6/5/2015",76.5
"188","4_2_2",9,"RMC","11/16/2016",NA,"7/24/2015",4,2,2,"A","E",2.41,2.35,NA,NA,NA,NA,NA,NA,NA,NA,2.38,16.97,15.65,41.51,28.93,"Y",0,0,0,157,26,"6/5/2015",76.5
"189","4_2_2",10,"RMC","10/19/2016",NA,"7/24/2015",4,2,2,"A","E",2.19,2.06,2.18,NA,NA,NA,NA,NA,NA,NA,2.19,19,22.37,36.11,26.71,"Y",0,0,0,122,9,"6/5/2015",76.5
"190","4_2_2",10,"RMC","11/16/2016",NA,"7/24/2015",4,2,2,"A","E",2.47,2.53,NA,NA,NA,NA,NA,NA,NA,NA,2.5,17.63,20.33,41.51,28.93,"Y",0,0,0,157,26,"6/5/2015",76.5
"191","5_1_1",1,"RMC","2/22/2016","sticky seeds, head is moldy","7/24/2015",5,1,1,"A","CTL",1.47,1.53,NA,NA,NA,NA,NA,NA,NA,NA,1.5,19.15,22.81,49.19,31.2,"Y",0,0,0,267,25,NA,85.1
"192","5_1_1",1,"RMC","2/25/2016","2 R. Conicus","7/24/2015",5,1,1,"A","CTL",1.9,1.91,NA,NA,NA,NA,NA,NA,NA,NA,1.91,16.32,20.82,48.38,36.09,"N",2,0,2,163,65,NA,85.1
"193","5_1_1",2,"RMC","2/25/2016","2 R. Conicus","7/24/2015",5,1,1,"A","CTL",2.03,2.03,NA,NA,NA,NA,NA,NA,NA,NA,2.03,19.34,30.93,48.38,36.09,"N",2,0,2,163,65,NA,85.1
"194","5_1_1",3,"RMC","2/25/2016","2 R. Conicus","7/24/2015",5,1,1,"A","CTL",1.91,1.9,NA,NA,NA,NA,NA,NA,NA,NA,1.91,16.75,27.68,48.38,36.09,"N",2,0,2,163,65,NA,85.1
"195","5_1_1",4,"RMC","2/25/2016","2 R. Conicus","7/24/2015",5,1,1,"A","CTL",1.69,1.75,NA,NA,NA,NA,NA,NA,NA,NA,1.72,15.91,11.6,48.38,36.09,"N",2,0,2,163,65,NA,85.1
"196","5_1_1",5,"RMC","2/25/2016","2 R. Conicus","7/24/2015",5,1,1,"A","CTL",1.93,1.9,NA,NA,NA,NA,NA,NA,NA,NA,1.92,8.81,28.08,48.38,36.09,"N",2,0,2,163,65,NA,85.1
"197","5_1_1",6,"RMC","2/25/2016","2 R. Conicus","7/24/2015",5,1,1,"A","CTL",1.41,1.37,NA,NA,NA,NA,NA,NA,NA,NA,1.39,22.78,14.17,48.38,36.09,"N",2,0,2,163,65,NA,85.1
"198","5_1_2",1,"RMC","3/28/2016","2 R. Conicus","7/17/2015",5,1,2,"A","E",1.93,2.07,1.97,NA,NA,NA,NA,NA,NA,NA,1.95,16.86,15.88,44.76,32.6,"Y",0,0,2,175,8,"5/29/2015",74.9
"199","5_1_2",1,"RMC","3/17/2016","1 R. Conicus","7/17/2015",5,1,2,"A","E",2.4,2.38,NA,NA,NA,NA,NA,NA,NA,NA,2.39,14.59,21.19,41.36,30.52,"Y",0,1,1,85,61,"5/29/2015",74.9
"200","5_1_2",2,"RMC","3/17/2016","1 R. Conicus","7/17/2015",5,1,2,"A","E",1.9,2,NA,NA,NA,NA,NA,NA,NA,NA,1.95,14.86,22.04,41.36,30.52,"Y",0,1,1,85,61,"5/29/2015",74.9
"201","5_1_2",2,"RMC","3/28/2016","2 R. Conicus","7/17/2015",5,1,2,"A","E",2.06,2.22,2.12,NA,NA,NA,NA,NA,NA,NA,2.09,12.93,19.09,44.76,32.6,"Y",0,0,2,175,8,"5/29/2015",74.9
"202","5_1_2",3,"RMC","3/28/2016","2 R. Conicus","7/17/2015",5,1,2,"A","E",2.47,2.57,NA,NA,NA,NA,NA,NA,NA,NA,2.52,17.09,20.79,44.76,32.6,"Y",0,0,2,175,8,"5/29/2015",74.9
"203","5_1_2",3,"RMC","3/17/2016","1 R. Conicus","7/17/2015",5,1,2,"A","E",2.56,2.53,NA,NA,NA,NA,NA,NA,NA,NA,2.55,17.86,25.34,41.36,30.52,"Y",0,1,1,85,61,"5/29/2015",74.9
"204","5_1_2",4,"RMC","3/28/2016","2 R. Conicus","7/17/2015",5,1,2,"A","E",2.37,2.35,NA,NA,NA,NA,NA,NA,NA,NA,2.36,15.25,22.75,44.76,32.6,"Y",0,0,2,175,8,"5/29/2015",74.9
"205","5_1_2",4,"RMC","3/17/2016","1 R. Conicus","7/17/2015",5,1,2,"A","E",2.5,2.53,NA,NA,NA,NA,NA,NA,NA,NA,2.52,17.02,22.04,41.36,30.52,"Y",0,1,1,85,61,"5/29/2015",74.9
"206","5_1_2",5,"RMC","3/28/2016","2 R. Conicus","7/17/2015",5,1,2,"A","E",2.59,2.56,NA,NA,NA,NA,NA,NA,NA,NA,2.58,13.74,21.77,44.76,32.6,"Y",0,0,2,175,8,"5/29/2015",74.9
"207","5_1_2",5,"RMC","3/17/2016","1 R. Conicus","7/17/2015",5,1,2,"A","E",2.65,2.31,2.59,NA,NA,NA,NA,NA,NA,NA,2.62,18.59,26.1,41.36,30.52,"Y",0,1,1,85,61,"5/29/2015",74.9
"208","5_1_2",6,"RMC","3/28/2016","2 R. Conicus","7/17/2015",5,1,2,"A","E",2.22,2.16,NA,NA,NA,NA,NA,NA,NA,NA,2.19,16.7,21.25,44.76,32.6,"Y",0,0,2,175,8,"5/29/2015",74.9
"209","5_1_2",6,"RMC","3/17/2016","1 R. Conicus","7/17/2015",5,1,2,"A","E",2.84,2.82,NA,NA,NA,NA,NA,NA,NA,NA,2.83,16.49,20.07,41.36,30.52,"Y",0,1,1,85,61,"5/29/2015",74.9
"210","5_1_2",7,"RMC","3/28/2016","2 R. Conicus","7/17/2015",5,1,2,"A","E",2.19,2.18,NA,NA,NA,NA,NA,NA,NA,NA,2.19,15.44,15.51,44.76,32.6,"Y",0,0,2,175,8,"5/29/2015",74.9
"211","5_1_2",7,"RMC","3/17/2016","1 R. Conicus","7/17/2015",5,1,2,"A","E",2.75,2.69,NA,NA,NA,NA,NA,NA,NA,NA,2.72,15.59,24.31,41.36,30.52,"Y",0,1,1,85,61,"5/29/2015",74.9
"212","5_1_2",8,"RMC","3/17/2016","1 R. Conicus","7/17/2015",5,1,2,"A","E",2.47,2.47,NA,NA,NA,NA,NA,NA,NA,NA,2.47,16.96,25.2,41.36,30.52,"Y",0,1,1,85,61,"5/29/2015",74.9
"213","5_1_2",8,"RMC","3/28/2016","2 R. Conicus","7/17/2015",5,1,2,"A","E",2.6,2.57,NA,NA,NA,NA,NA,NA,NA,NA,2.59,16.42,20.62,44.76,32.6,"Y",0,0,2,175,8,"5/29/2015",74.9
"214","5_1_2",9,"RMC","3/17/2016","1 R. Conicus","7/17/2015",5,1,2,"A","E",2.47,2.6,2.63,NA,NA,NA,NA,NA,NA,NA,2.62,18.79,24.37,41.36,30.52,"Y",0,1,1,85,61,"5/29/2015",74.9
"215","5_1_2",9,"RMC","3/28/2016","2 R. Conicus","7/17/2015",5,1,2,"A","E",3.19,2.94,3,NA,NA,NA,NA,NA,NA,NA,2.97,16.91,24.09,44.76,32.6,"Y",0,0,2,175,8,"5/29/2015",74.9
"216","5_1_2",10,"RMC","3/17/2016","1 R. Conicus","7/17/2015",5,1,2,"A","E",2.62,2.65,NA,NA,NA,NA,NA,NA,NA,NA,2.64,16.91,20.42,41.36,30.52,"Y",0,1,1,85,61,"5/29/2015",74.9
"217","5_1_2",10,"RMC","3/28/2016","2 R. Conicus","7/17/2015",5,1,2,"A","E",2.81,2.75,NA,NA,NA,NA,NA,NA,NA,NA,2.78,16.86,20.22,44.76,32.6,"Y",0,0,2,175,8,"5/29/2015",74.9
"218","5_2_1",1,"RMC","2/18/2016",NA,"7/31/2015",5,2,1,"W","L",1.81,1.84,NA,NA,NA,NA,NA,NA,NA,NA,1.83,16.66,17.42,33.95,24.27,"Y",0,1,0,48,28,"6/19/2015",40.3
"219","5_2_1",2,"RMC","2/18/2016",NA,"7/31/2015",5,2,1,"W","L",1.87,1.9,NA,NA,NA,NA,NA,NA,NA,NA,1.89,17.81,20.84,33.95,24.27,"Y",0,1,0,48,28,"6/19/2015",40.3
"220","5_2_1",3,"RMC","2/18/2016",NA,"7/31/2015",5,2,1,"W","L",1.75,1.81,NA,NA,NA,NA,NA,NA,NA,NA,1.78,16.89,16.19,33.95,24.27,"Y",0,1,0,48,28,"6/19/2015",40.3
"221","5_2_1",4,"RMC","2/18/2016",NA,"7/31/2015",5,2,1,"W","L",2.15,2.13,NA,NA,NA,NA,NA,NA,NA,NA,2.14,16.16,20.96,33.95,24.27,"Y",0,1,0,48,28,"6/19/2015",40.3
"222","5_2_1",5,"RMC","2/18/2016",NA,"7/31/2015",5,2,1,"W","L",1.97,2.06,NA,NA,NA,NA,NA,NA,NA,NA,2.02,14.81,18.15,33.95,24.27,"Y",0,1,0,48,28,"6/19/2015",40.3
"223","5_2_1",6,"RMC","2/18/2016",NA,"7/31/2015",5,2,1,"W","L",1.87,1.84,NA,NA,NA,NA,NA,NA,NA,NA,1.86,16.31,18.86,33.95,24.27,"Y",0,1,0,48,28,"6/19/2015",40.3
"224","5_2_1",7,"RMC","2/18/2016",NA,"7/31/2015",5,2,1,"W","L",1.9,1.94,NA,NA,NA,NA,NA,NA,NA,NA,1.92,17.5,17.81,33.95,24.27,"Y",0,1,0,48,28,"6/19/2015",40.3
"225","5_2_1",8,"RMC","2/18/2016",NA,"7/31/2015",5,2,1,"W","L",1.71,1.91,1.84,NA,NA,NA,NA,NA,NA,NA,1.88,16.93,15.26,33.95,24.27,"Y",0,1,0,48,28,"6/19/2015",40.3
"226","5_2_1",9,"RMC","2/18/2016",NA,"7/31/2015",5,2,1,"W","L",2.16,2.25,NA,NA,NA,NA,NA,NA,NA,NA,2.21,14.61,18.77,33.95,24.27,"Y",0,1,0,48,28,"6/19/2015",40.3
"227","5_2_1",10,"RMC","2/18/2016",NA,"7/31/2015",5,2,1,"W","L",2.19,2.22,NA,NA,NA,NA,NA,NA,NA,NA,2.21,14.84,21.59,33.95,24.27,"Y",0,1,0,48,28,"6/19/2015",40.3
"228","5_2_2",1,"RMC","2/15/2016","sticky seeds","7/17/2015",5,2,2,"W","CTL",1.71,1.72,NA,NA,NA,NA,NA,NA,NA,NA,1.72,19.23,17.84,38.51,27.65,"Y",0,0,0,188,18,NA,52.3
"229","5_2_2",1,"RMC","3/14/2016",NA,"7/17/2015",5,2,2,"W","CTL",1.91,1.62,1.78,1.78,NA,NA,NA,NA,NA,NA,1.78,14.79,13.92,30.42,23.13,"Y",0,0,0,72,50,NA,52.3
"230","5_2_2",2,"RMC","2/15/2016","sticky seeds","7/17/2015",5,2,2,"W","CTL",1.78,1.75,NA,NA,NA,NA,NA,NA,NA,NA,1.77,19.74,19.39,38.51,27.65,"Y",0,0,0,188,18,NA,52.3
"231","5_2_2",2,"RMC","3/14/2016",NA,"7/17/2015",5,2,2,"W","CTL",2.1,2.09,NA,NA,NA,NA,NA,NA,NA,NA,2.1,16.23,18.97,30.42,23.13,"Y",0,0,0,72,50,NA,52.3
"232","5_2_2",3,"RMC","3/14/2016",NA,"7/17/2015",5,2,2,"W","CTL",1.9,1.85,NA,NA,NA,NA,NA,NA,NA,NA,1.88,15.56,15.96,30.42,23.13,"Y",0,0,0,72,50,NA,52.3
"233","5_2_2",3,"RMC","2/15/2016","sticky seeds","7/17/2015",5,2,2,"W","CTL",2.12,2.06,NA,NA,NA,NA,NA,NA,NA,NA,2.09,19.98,26.8,38.51,27.65,"Y",0,0,0,188,18,NA,52.3
"234","5_2_2",4,"RMC","2/15/2016","sticky seeds","7/17/2015",5,2,2,"W","CTL",2.13,2.09,NA,NA,NA,NA,NA,NA,NA,NA,2.11,19.65,27.65,38.51,27.65,"Y",0,0,0,188,18,NA,52.3
"235","5_2_2",4,"RMC","3/14/2016",NA,"7/17/2015",5,2,2,"W","CTL",2.6,2.53,NA,NA,NA,NA,NA,NA,NA,NA,2.57,16.29,17.51,30.42,23.13,"Y",0,0,0,72,50,NA,52.3
"236","5_2_2",5,"RMC","2/15/2016","sticky seeds","7/17/2015",5,2,2,"W","CTL",1.72,1.88,1.75,NA,NA,NA,NA,NA,NA,NA,1.74,20.26,19.38,38.51,27.65,"Y",0,0,0,188,18,NA,52.3
"237","5_2_2",5,"RMC","3/14/2016",NA,"7/17/2015",5,2,2,"W","CTL",1.75,1.75,NA,NA,NA,NA,NA,NA,NA,NA,1.75,15.19,13.36,30.42,23.13,"Y",0,0,0,72,50,NA,52.3
"238","5_2_2",6,"RMC","3/14/2016",NA,"7/17/2015",5,2,2,"W","CTL",1.6,1.59,NA,NA,NA,NA,NA,NA,NA,NA,1.6,11.73,15.29,30.42,23.13,"Y",0,0,0,72,50,NA,52.3
"239","5_2_2",6,"RMC","2/15/2016","sticky seeds","7/17/2015",5,2,2,"W","CTL",1.93,1.88,NA,NA,NA,NA,NA,NA,NA,NA,1.91,19.19,26.81,38.51,27.65,"Y",0,0,0,188,18,NA,52.3
"240","5_2_2",7,"RMC","2/15/2016","sticky seeds","7/17/2015",5,2,2,"W","CTL",2,1.97,NA,NA,NA,NA,NA,NA,NA,NA,1.99,19.35,18.71,38.51,27.65,"Y",0,0,0,188,18,NA,52.3
"241","5_2_2",7,"RMC","3/14/2016",NA,"7/17/2015",5,2,2,"W","CTL",2.47,2.34,2.15,2.16,NA,NA,NA,NA,NA,NA,2.16,13.11,18.74,30.42,23.13,"Y",0,0,0,72,50,NA,52.3
"242","5_2_2",8,"RMC","2/15/2016","sticky seeds","7/17/2015",5,2,2,"W","CTL",1.65,1.72,NA,NA,NA,NA,NA,NA,NA,NA,1.69,18.17,17.01,38.51,27.65,"Y",0,0,0,188,18,NA,52.3
"243","5_2_2",8,"RMC","3/14/2016",NA,"7/17/2015",5,2,2,"W","CTL",2,2.25,2.19,NA,NA,NA,NA,NA,NA,NA,2.22,13.2,17.55,30.42,23.13,"Y",0,0,0,72,50,NA,52.3
"244","5_2_2",9,"RMC","2/15/2016","sticky seeds","7/17/2015",5,2,2,"W","CTL",1.81,1.84,NA,NA,NA,NA,NA,NA,NA,NA,1.83,18.42,18.17,38.51,27.65,"Y",0,0,0,188,18,NA,52.3
"245","5_2_2",9,"RMC","3/14/2016",NA,"7/17/2015",5,2,2,"W","CTL",1.87,1.84,NA,NA,NA,NA,NA,NA,NA,NA,1.86,14.08,13.51,30.42,23.13,"Y",0,0,0,72,50,NA,52.3
"246","5_2_2",10,"RMC","2/15/2016","sticky seeds","7/17/2015",5,2,2,"W","CTL",1.72,1.75,NA,NA,NA,NA,NA,NA,NA,NA,1.74,19.81,18.56,38.51,27.65,"Y",0,0,0,188,18,NA,52.3
"247","5_2_2",10,"RMC","3/14/2016",NA,"7/17/2015",5,2,2,"W","CTL",1.82,1.87,NA,NA,NA,NA,NA,NA,NA,NA,1.85,15.41,14.54,30.42,23.13,"Y",0,0,0,72,50,NA,52.3
"248","5_2_3",1,"RMC","2/29/2016",NA,"8/7/2015",5,2,3,"W","E",1,0.94,NA,NA,NA,NA,NA,NA,NA,NA,0.97,10.8,9.03,36.46,29.42,"Y",0,0,0,98,107,"6/12/2015",72.6
"249","5_2_3",1,"RMC","3/21/2016",NA,"8/7/2015",5,2,3,"W","E",1.25,1.25,NA,NA,NA,NA,NA,NA,NA,NA,1.25,11.02,19.14,42.48,28.51,"Y",0,0,0,219,12,"6/12/2015",72.6
"250","5_2_3",2,"RMC","2/29/2016",NA,"8/7/2015",5,2,3,"W","E",1.25,1.31,NA,NA,NA,NA,NA,NA,NA,NA,1.28,10.79,12.47,36.46,29.42,"Y",0,0,0,98,107,"6/12/2015",72.6
"251","5_2_3",3,"RMC","2/29/2016",NA,"8/7/2015",5,2,3,"W","E",1.09,1.12,NA,NA,NA,NA,NA,NA,NA,NA,1.11,16.19,12.51,36.46,29.42,"Y",0,0,0,98,107,"6/12/2015",72.6
"252","5_2_3",4,"RMC","2/29/2016",NA,"8/7/2015",5,2,3,"W","E",1.04,1.1,NA,NA,NA,NA,NA,NA,NA,NA,1.07,16.25,12.67,36.46,29.42,"Y",0,0,0,98,107,"6/12/2015",72.6
"253","5_2_3",5,"RMC","2/29/2016",NA,"8/7/2015",5,2,3,"W","E",1.72,1.66,NA,NA,NA,NA,NA,NA,NA,NA,1.69,13.86,17.75,36.46,29.42,"Y",0,0,0,98,107,"6/12/2015",72.6
"254","5_2_3",6,"RMC","2/29/2016",NA,"8/7/2015",5,2,3,"W","E",1.37,1.47,NA,NA,NA,NA,NA,NA,NA,NA,1.42,16.04,15.58,36.46,29.42,"Y",0,0,0,98,107,"6/12/2015",72.6
"255","5_2_3",7,"RMC","2/29/2016",NA,"8/7/2015",5,2,3,"W","E",1.28,1.37,NA,NA,NA,NA,NA,NA,NA,NA,1.33,12.54,17.44,36.46,29.42,"Y",0,0,0,98,107,"6/12/2015",72.6
"256","6_1_3",1,"RMC","4/14/2016",NA,"7/17/2015",6,1,3,"A","CTL",1.44,1.4,NA,NA,NA,NA,NA,NA,NA,NA,1.42,16.07,15.73,43.59,34.89,"Y",0,0,0,179,50,NA,76.9
"257","6_1_3",1,"RMC","4/7/2016",NA,"7/17/2015",6,1,3,"A","CTL",2.46,2.63,2.69,NA,NA,NA,NA,NA,NA,NA,2.66,14.29,17.04,47.75,35.57,"Y",0,0,0,0,265,NA,76.9
"258","6_1_3",2,"RMC","4/14/2016",NA,"7/17/2015",6,1,3,"A","CTL",1.28,1.34,NA,NA,NA,NA,NA,NA,NA,NA,1.32,15.27,12.29,43.59,34.89,"Y",0,0,0,179,50,NA,76.9
"259","6_1_3",2,"RMC","4/7/2016",NA,"7/17/2015",6,1,3,"A","CTL",2.35,2.38,NA,NA,NA,NA,NA,NA,NA,NA,2.37,13.74,18.56,47.75,35.57,"Y",0,0,0,0,265,NA,76.9
"260","6_1_3",3,"RMC","4/14/2016",NA,"7/17/2015",6,1,3,"A","CTL",1.63,1.65,NA,NA,NA,NA,NA,NA,NA,NA,1.64,18.51,18.72,43.59,34.89,"Y",0,0,0,179,50,NA,76.9
"261","6_1_3",3,"RMC","4/7/2016",NA,"7/17/2015",6,1,3,"A","CTL",2.06,2.15,NA,NA,NA,NA,NA,NA,NA,NA,2.11,18.75,15.37,47.75,35.57,"Y",0,0,0,0,265,NA,76.9
"262","6_1_3",4,"RMC","4/14/2016",NA,"7/17/2015",6,1,3,"A","CTL",1.62,1.66,NA,NA,NA,NA,NA,NA,NA,NA,1.64,14.64,14.47,43.59,34.89,"Y",0,0,0,179,50,NA,76.9
"263","6_1_3",4,"RMC","4/7/2016",NA,"7/17/2015",6,1,3,"A","CTL",1.78,1.87,NA,NA,NA,NA,NA,NA,NA,NA,1.83,18.45,17.44,47.75,35.57,"Y",0,0,0,0,265,NA,76.9
"264","6_1_3",5,"RMC","4/14/2016",NA,"7/17/2015",6,1,3,"A","CTL",1.6,1.66,NA,NA,NA,NA,NA,NA,NA,NA,1.63,17.65,17.9,43.59,34.89,"Y",0,0,0,179,50,NA,76.9
"265","6_1_3",5,"RMC","4/7/2016",NA,"7/17/2015",6,1,3,"A","CTL",2.16,2.12,NA,NA,NA,NA,NA,NA,NA,NA,2.14,17.64,16.07,47.75,35.57,"Y",0,0,0,0,265,NA,76.9
"266","6_1_3",6,"RMC","4/14/2016",NA,"7/17/2015",6,1,3,"A","CTL",1.13,1.21,NA,NA,NA,NA,NA,NA,NA,NA,1.17,15.87,10.99,43.59,34.89,"Y",0,0,0,179,50,NA,76.9
"267","6_1_3",6,"RMC","4/7/2016",NA,"7/17/2015",6,1,3,"A","CTL",2.94,2.9,NA,NA,NA,NA,NA,NA,NA,NA,2.92,18.81,18.11,47.75,35.57,"Y",0,0,0,0,265,NA,76.9
"268","6_1_3",7,"RMC","4/14/2016",NA,"7/17/2015",6,1,3,"A","CTL",1.94,1.87,NA,NA,NA,NA,NA,NA,NA,NA,1.91,18.05,17.54,43.59,34.89,"Y",0,0,0,179,50,NA,76.9
"269","6_1_3",7,"RMC","4/7/2016",NA,"7/17/2015",6,1,3,"A","CTL",2,1.88,2.07,NA,NA,NA,NA,NA,NA,NA,2.04,18.01,15.54,47.75,35.57,"Y",0,0,0,0,265,NA,76.9
"270","6_1_3",8,"RMC","4/14/2016",NA,"7/17/2015",6,1,3,"A","CTL",2.09,2.06,NA,NA,NA,NA,NA,NA,NA,NA,2.08,18.6,20.4,43.59,34.89,"Y",0,0,0,179,50,NA,76.9
"271","6_1_3",8,"RMC","4/7/2016",NA,"7/17/2015",6,1,3,"A","CTL",3.06,3.19,3.07,NA,NA,NA,NA,NA,NA,NA,3.07,14.93,18.1,47.75,35.57,"Y",0,0,0,0,265,NA,76.9
"272","6_1_3",9,"RMC","4/14/2016",NA,"7/17/2015",6,1,3,"A","CTL",1.69,1.87,1.78,1.75,NA,NA,NA,NA,NA,NA,1.72,14.8,19.16,43.59,34.89,"Y",0,0,0,179,50,NA,76.9
"273","6_1_3",9,"RMC","4/7/2016",NA,"7/17/2015",6,1,3,"A","CTL",2.19,2.24,NA,NA,NA,NA,NA,NA,NA,NA,2.22,14.94,15.86,47.75,35.57,"Y",0,0,0,0,265,NA,76.9
"274","6_1_3",10,"RMC","4/7/2016",NA,"7/17/2015",6,1,3,"A","CTL",2.59,2.68,NA,NA,NA,NA,NA,NA,NA,NA,2.64,18.79,22.16,47.75,35.57,"Y",0,0,0,0,265,NA,76.9
"275","6_2_3",1,"RMC","3/31/2016",NA,"7/31/2015",6,2,3,"W","E",1.16,1.1,NA,NA,NA,NA,NA,NA,NA,NA,1.13,18.05,17.33,43.69,31.1,"Y",0,0,0,178,4,"6/5/2015",86.1
"276","6_2_3",1,"RMC","4/7/2016",NA,"7/31/2015",6,2,3,"W","E",1.41,1.44,NA,NA,NA,NA,NA,NA,NA,NA,1.43,18.33,16.19,41.46,32.9,"Y",0,0,0,131,79,"6/5/2015",86.1
"277","6_2_3",2,"RMC","4/7/2016",NA,"7/31/2015",6,2,3,"W","E",1.32,1.34,NA,NA,NA,NA,NA,NA,NA,NA,1.33,18.47,16.43,41.46,32.9,"Y",0,0,0,131,79,"6/5/2015",86.1
"278","6_2_3",2,"RMC","3/31/2016",NA,"7/31/2015",6,2,3,"W","E",1.72,1.72,NA,NA,NA,NA,NA,NA,NA,NA,1.72,19.26,18.69,43.69,31.1,"Y",0,0,0,178,4,"6/5/2015",86.1
"279","6_2_3",3,"RMC","3/31/2016",NA,"7/31/2015",6,2,3,"W","E",1.53,1.53,NA,NA,NA,NA,NA,NA,NA,NA,1.53,18.87,17.5,43.69,31.1,"Y",0,0,0,178,4,"6/5/2015",86.1
"280","6_2_3",4,"RMC","3/31/2016",NA,"7/31/2015",6,2,3,"W","E",1.69,1.65,NA,NA,NA,NA,NA,NA,NA,NA,1.67,18.44,20.69,43.69,31.1,"Y",0,0,0,178,4,"6/5/2015",86.1
"281","6_2_3",5,"RMC","3/31/2016",NA,"7/31/2015",6,2,3,"W","E",0.94,0.97,NA,NA,NA,NA,NA,NA,NA,NA,0.96,16.35,14.55,43.69,31.1,"Y",0,0,0,178,4,"6/5/2015",86.1
"282","6_2_3",6,"RMC","3/31/2016",NA,"7/31/2015",6,2,3,"W","E",1.25,1.28,NA,NA,NA,NA,NA,NA,NA,NA,1.27,16.59,18.28,43.69,31.1,"Y",0,0,0,178,4,"6/5/2015",86.1
"283","6_2_3",7,"RMC","3/31/2016",NA,"7/31/2015",6,2,3,"W","E",1.19,1.19,NA,NA,NA,NA,NA,NA,NA,NA,1.19,13.8,19.29,43.69,31.1,"Y",0,0,0,178,4,"6/5/2015",86.1
"284","6_2_3",8,"RMC","3/31/2016",NA,"7/31/2015",6,2,3,"W","E",1.53,1.5,NA,NA,NA,NA,NA,NA,NA,NA,1.52,19.93,16.29,43.69,31.1,"Y",0,0,0,178,4,"6/5/2015",86.1
"285","6_2_3",9,"RMC","3/31/2016",NA,"7/31/2015",6,2,3,"W","E",1.6,1.59,NA,NA,NA,NA,NA,NA,NA,NA,1.6,18.8,19.17,43.69,31.1,"Y",0,0,0,178,4,"6/5/2015",86.1
"286","7_1_1",1,"RMC","11/6/2015",NA,"7/17/2015",7,1,1,"W","CTL",1.68,1.75,NA,NA,NA,NA,NA,NA,NA,NA,1.72,20.56,20.38,37.47,29.9,"Y",0,0,0,56,89,NA,81.3
"287","7_1_1",1,"RMC","10/30/2015","sticky seeds","7/17/2015",7,1,1,"W","CTL",1.91,1.96,NA,NA,NA,NA,NA,NA,NA,NA,1.94,20.98,20.85,40.91,32.58,"Y",0,0,0,208,35,NA,81.3
"288","7_1_1",2,"RMC","10/30/2015","sticky seeds","7/17/2015",7,1,1,"W","CTL",1.75,1.81,NA,NA,NA,NA,NA,NA,NA,NA,1.78,13.49,19.56,40.91,32.58,"Y",0,0,0,208,35,NA,81.3
"289","7_1_1",2,"RMC","11/6/2015",NA,"7/17/2015",7,1,1,"W","CTL",2.16,2.25,NA,NA,NA,NA,NA,NA,NA,NA,2.21,16.63,17.55,37.47,29.9,"Y",0,0,0,56,89,NA,81.3
"290","7_1_1",3,"RMC","11/6/2015",NA,"7/17/2015",7,1,1,"W","CTL",2.38,2.41,NA,NA,NA,NA,NA,NA,NA,NA,2.4,17.41,15,37.47,29.9,"Y",0,0,0,56,89,NA,81.3
"291","7_1_1",4,"RMC","11/6/2015",NA,"7/17/2015",7,1,1,"W","CTL",2.31,2.25,NA,NA,NA,NA,NA,NA,NA,NA,2.28,16.18,18.87,37.47,29.9,"Y",0,0,0,56,89,NA,81.3
"292","7_1_1",5,"RMC","11/6/2015",NA,"7/17/2015",7,1,1,"W","CTL",2.65,2.75,NA,NA,NA,NA,NA,NA,NA,NA,2.7,19.08,22.84,37.47,29.9,"Y",0,0,0,56,89,NA,81.3
"293","7_1_1",6,"RMC","11/6/2015",NA,"7/17/2015",7,1,1,"W","CTL",2.59,2.6,NA,NA,NA,NA,NA,NA,NA,NA,2.6,20.76,22.47,37.47,29.9,"Y",0,0,0,56,89,NA,81.3
"294","7_1_1",7,"RMC","11/6/2015",NA,"7/17/2015",7,1,1,"W","CTL",1.97,1.88,NA,NA,NA,NA,NA,NA,NA,NA,1.93,18.85,13.58,37.47,29.9,"Y",0,0,0,56,89,NA,81.3
"295","7_1_1",8,"RMC","11/6/2015",NA,"7/17/2015",7,1,1,"W","CTL",2.9,2.81,NA,NA,NA,NA,NA,NA,NA,NA,2.86,14.36,22.32,37.47,29.9,"Y",0,0,0,56,89,NA,81.3
"296","7_1_2",1,"RMC","10/29/2015","1 R. conicus","7/24/2015",7,1,2,"W","E",1.87,1.87,NA,NA,NA,NA,NA,NA,NA,NA,1.87,17.46,23.48,42.09,33.32,"Y",1,0,1,129,58,"6/5/2015",67.5
"297","7_1_2",1,"RMC","10/27/2015","1 R. conicus","7/24/2015",7,1,2,"W","E",1.97,2.03,NA,NA,NA,NA,NA,NA,NA,NA,2,12.49,18.98,31.81,24.36,"Y",1,0,1,42,48,"6/5/2015",67.5
"298","7_1_2",2,"RMC","10/29/2015","1 R. conicus","7/24/2015",7,1,2,"W","E",1.94,1.94,NA,NA,NA,NA,NA,NA,NA,NA,1.94,19.51,19.64,42.09,33.32,"Y",1,0,1,129,58,"6/5/2015",67.5
"299","7_1_2",2,"RMC","10/27/2015","1 R. conicus","7/24/2015",7,1,2,"W","E",2.06,1.93,2.03,NA,NA,NA,NA,NA,NA,NA,2.05,13.69,14.95,31.81,24.36,"Y",1,0,1,42,48,"6/5/2015",67.5
"300","7_1_2",3,"RMC","10/29/2015","1 R. conicus","7/24/2015",7,1,2,"W","E",1.81,1.97,1.97,NA,NA,NA,NA,NA,NA,NA,1.97,20.05,20.9,42.09,33.32,"Y",1,0,1,129,58,"6/5/2015",67.5
"301","7_1_2",3,"RMC","10/27/2015","1 R. conicus","7/24/2015",7,1,2,"W","E",1.91,1.94,NA,NA,NA,NA,NA,NA,NA,NA,1.93,13.92,13.92,31.81,24.36,"Y",1,0,1,42,48,"6/5/2015",67.5
"302","7_1_2",4,"RMC","10/29/2015","1 R. conicus","7/24/2015",7,1,2,"W","E",0.97,1.16,1.07,NA,NA,NA,NA,NA,NA,NA,1.12,14.57,11.46,42.09,33.32,"Y",1,0,1,129,58,"6/5/2015",67.5
"303","7_1_2",4,"RMC","10/27/2015","1 R. conicus","7/24/2015",7,1,2,"W","E",2.15,2.15,NA,NA,NA,NA,NA,NA,NA,NA,2.15,14.46,13.26,31.81,24.36,"Y",1,0,1,42,48,"6/5/2015",67.5
"304","7_1_2",5,"RMC","10/27/2015","1 R. conicus","7/24/2015",7,1,2,"W","E",1.78,1.82,NA,NA,NA,NA,NA,NA,NA,NA,1.8,12.82,13.36,31.81,24.36,"Y",1,0,1,42,48,"6/5/2015",67.5
"305","7_1_2",5,"RMC","10/29/2015","1 R. conicus","7/24/2015",7,1,2,"W","E",2,1.97,NA,NA,NA,NA,NA,NA,NA,NA,1.99,16.32,22.8,42.09,33.32,"Y",1,0,1,129,58,"6/5/2015",67.5
"306","7_1_2",6,"RMC","10/29/2015","1 R. conicus","7/24/2015",7,1,2,"W","E",1.56,1.6,NA,NA,NA,NA,NA,NA,NA,NA,1.58,18.75,20.22,42.09,33.32,"Y",1,0,1,129,58,"6/5/2015",67.5
"307","7_1_2",6,"RMC","10/27/2015","1 R. conicus","7/24/2015",7,1,2,"W","E",1.94,2.09,2.03,NA,NA,NA,NA,NA,NA,NA,2.06,14.33,15.63,31.81,24.36,"Y",1,0,1,42,48,"6/5/2015",67.5
"308","7_1_2",7,"RMC","10/29/2015","1 R. conicus","7/24/2015",7,1,2,"W","E",1.87,1.87,NA,NA,NA,NA,NA,NA,NA,NA,1.87,16.92,17.76,42.09,33.32,"Y",1,0,1,129,58,"6/5/2015",67.5
"309","7_1_2",7,"RMC","10/27/2015","1 R. conicus","7/24/2015",7,1,2,"W","E",3.03,3.07,NA,NA,NA,NA,NA,NA,NA,NA,3.05,14.14,15.67,31.81,24.36,"Y",1,0,1,42,48,"6/5/2015",67.5
"310","7_1_2",8,"RMC","10/29/2015","1 R. conicus","7/24/2015",7,1,2,"W","E",1.32,1.31,NA,NA,NA,NA,NA,NA,NA,NA,1.32,13.66,20.24,42.09,33.32,"Y",1,0,1,129,58,"6/5/2015",67.5
"311","7_1_2",8,"RMC","10/27/2015","1 R. conicus","7/24/2015",7,1,2,"W","E",1.93,2.03,NA,NA,NA,NA,NA,NA,NA,NA,1.98,11.69,16,31.81,24.36,"Y",1,0,1,42,48,"6/5/2015",67.5
"312","7_1_2",9,"RMC","10/27/2015","1 R. conicus","7/24/2015",7,1,2,"W","E",1.66,1.65,NA,NA,NA,NA,NA,NA,NA,NA,1.66,10.95,11.5,31.81,24.36,"Y",1,0,1,42,48,"6/5/2015",67.5
"313","7_1_2",9,"RMC","10/29/2015","1 R. conicus","7/24/2015",7,1,2,"W","E",1.69,1.69,NA,NA,NA,NA,NA,NA,NA,NA,1.69,16.5,19.32,42.09,33.32,"Y",1,0,1,129,58,"6/5/2015",67.5
"314","7_1_2",10,"RMC","10/27/2015","1 R. conicus","7/24/2015",7,1,2,"W","E",0.88,0.97,NA,NA,NA,NA,NA,NA,NA,NA,0.93,9.06,2.04,31.81,24.36,"Y",1,0,1,42,48,"6/5/2015",67.5
"315","7_1_2",10,"RMC","10/29/2015","1 R. conicus","7/24/2015",7,1,2,"W","E",2.22,2.1,2.19,NA,NA,NA,NA,NA,NA,NA,2.21,16.89,26.21,42.09,33.32,"Y",1,0,1,129,58,"6/5/2015",67.5
"316","7_2_1",1,"RMC","10/23/2015","sticky seeds","7/31/2015",7,2,1,"A","CTL",1.38,1.41,NA,NA,NA,NA,NA,NA,NA,NA,1.4,17.15,19.4,41.99,32.06,"N",0,0,0,83,133,NA,91.6
"317","7_2_1",1,"RMC","11/5/2015","1 R. conicus, sticky seeds","7/31/2015",7,2,1,"A","CTL",2,2.03,NA,NA,NA,NA,NA,NA,NA,NA,2.02,12.51,22.68,42.1,32.74,"Y",0,0,0,161,116,NA,91.6
"318","7_2_1",2,"RMC","10/23/2015","sticky seeds","7/31/2015",7,2,1,"A","CTL",1.32,1.29,NA,NA,NA,NA,NA,NA,NA,NA,1.31,15.29,17.32,41.99,32.06,"N",0,0,0,83,133,NA,91.6
"319","7_2_1",2,"RMC","11/5/2015","1 R. conicus, sticky seeds","7/31/2015",7,2,1,"A","CTL",1.91,1.88,NA,NA,NA,NA,NA,NA,NA,NA,1.9,17.07,21.97,42.1,32.74,"Y",0,0,0,161,116,NA,91.6
"320","7_2_1",3,"RMC","11/5/2015","1 R. conicus, sticky seeds","7/31/2015",7,2,1,"A","CTL",1.43,1.53,NA,NA,NA,NA,NA,NA,NA,NA,1.48,21.32,18.3,42.1,32.74,"Y",0,0,0,161,116,NA,91.6
"321","7_2_1",3,"RMC","10/23/2015","sticky seeds","7/31/2015",7,2,1,"A","CTL",1.78,1.81,NA,NA,NA,NA,NA,NA,NA,NA,1.8,13.89,23.53,41.99,32.06,"N",0,0,0,83,133,NA,91.6
"322","7_2_1",4,"RMC","10/23/2015","sticky seeds","7/31/2015",7,2,1,"A","CTL",1.82,1.78,NA,NA,NA,NA,NA,NA,NA,NA,1.8,14.94,23.11,41.99,32.06,"N",0,0,0,83,133,NA,91.6
"323","7_2_1",4,"RMC","11/5/2015","1 R. conicus, sticky seeds","7/31/2015",7,2,1,"A","CTL",1.93,1.87,NA,NA,NA,NA,NA,NA,NA,NA,1.9,16.78,22.58,42.1,32.74,"Y",0,0,0,161,116,NA,91.6
"324","7_2_1",5,"RMC","10/23/2015","sticky seeds","7/31/2015",7,2,1,"A","CTL",1.5,1.43,NA,NA,NA,NA,NA,NA,NA,NA,1.47,15.53,19.92,41.99,32.06,"N",0,0,0,83,133,NA,91.6
"325","7_2_1",6,"RMC","10/23/2015","sticky seeds","7/31/2015",7,2,1,"A","CTL",1.44,1.43,NA,NA,NA,NA,NA,NA,NA,NA,1.44,12.94,19.71,41.99,32.06,"N",0,0,0,83,133,NA,91.6
"326","8_1_1",1,"RMC","10/22/2015",NA,"7/24/2015",8,1,1,"W","E",2.16,2.25,NA,NA,NA,NA,NA,NA,NA,NA,2.21,9.71,11.43,32.12,25.81,"Y",0,0,0,29,121,"6/5/2015",46.3
"327","8_1_1",1,"RMC","10/1/2015","mold on head/peduncle","7/24/2015",8,1,1,"W","E",3,3,NA,NA,NA,NA,NA,NA,NA,NA,3,16.38,15.67,31.98,27.05,"Y",0,0,0,74,47,"6/5/2015",46.3
"328","8_1_1",2,"RMC","10/1/2015","mold on head/peduncle","7/24/2015",8,1,1,"W","E",2.06,2.13,NA,NA,NA,NA,NA,NA,NA,NA,2.1,15.78,16.51,31.98,27.05,"Y",0,0,0,74,47,"6/5/2015",46.3
"329","8_1_1",3,"RMC","10/1/2015","mold on head/peduncle","7/24/2015",8,1,1,"W","E",2.9,2.97,NA,NA,NA,NA,NA,NA,NA,NA,2.94,16.3,15.91,31.98,27.05,"Y",0,0,0,74,47,"6/5/2015",46.3
"330","8_1_1",4,"RMC","10/1/2015","mold on head/peduncle","7/24/2015",8,1,1,"W","E",2.31,2.32,NA,NA,NA,NA,NA,NA,NA,NA,2.32,15.39,18.86,31.98,27.05,"Y",0,0,0,74,47,"6/5/2015",46.3
"331","8_1_1",5,"RMC","10/1/2015","mold on head/peduncle","7/24/2015",8,1,1,"W","E",2.56,2.5,NA,NA,NA,NA,NA,NA,NA,NA,2.53,13.09,17.39,31.98,27.05,"Y",0,0,0,74,47,"6/5/2015",46.3
"332","8_1_1",6,"RMC","10/1/2015","mold on head/peduncle","7/24/2015",8,1,1,"W","E",3.18,3.18,NA,NA,NA,NA,NA,NA,NA,NA,3.18,15.38,18.21,31.98,27.05,"Y",0,0,0,74,47,"6/5/2015",46.3
"333","8_1_1",7,"RMC","10/1/2015","mold on head/peduncle","7/24/2015",8,1,1,"W","E",2.07,2.15,NA,NA,NA,NA,NA,NA,NA,NA,2.11,13.9,16.14,31.98,27.05,"Y",0,0,0,74,47,"6/5/2015",46.3
"334","8_1_1",8,"RMC","10/1/2015","mold on head/peduncle","7/24/2015",8,1,1,"W","E",3.07,3.22,3.16,NA,NA,NA,NA,NA,NA,NA,3.19,18.32,17.7,31.98,27.05,"Y",0,0,0,74,47,"6/5/2015",46.3
"335","8_1_1",9,"RMC","10/1/2015","mold on head/peduncle","7/24/2015",8,1,1,"W","E",2.35,2.59,2.47,2.43,NA,NA,NA,NA,NA,NA,2.45,15.57,16.44,31.98,27.05,"Y",0,0,0,74,47,"6/5/2015",46.3
"336","8_1_1",10,"RMC","10/1/2015","mold on head/peduncle","7/24/2015",8,1,1,"W","E",3.22,3.29,NA,NA,NA,NA,NA,NA,NA,NA,3.26,15.7,19.14,31.98,27.05,"Y",0,0,0,74,47,"6/5/2015",46.3
"337","8_1_3",1,"RMC","9/24/2015",NA,"7/24/2015",8,1,3,"W","CTL",1.63,1.57,NA,NA,NA,NA,NA,NA,NA,NA,1.6,18.54,23.21,44.45,27.7,"Y",0,0,0,167,29,NA,57.9
"338","8_1_3",1,"RMC","10/15/2015",NA,"7/24/2015",8,1,3,"W","CTL",1.84,1.91,NA,NA,NA,NA,NA,NA,NA,NA,NA,NA,NA,44.54,31.93,"Y",0,0,0,195,47,NA,57.9
"339","8_1_3",2,"RMC","9/24/2015",NA,"7/24/2015",8,1,3,"W","CTL",1.69,1.75,NA,NA,NA,NA,NA,NA,NA,NA,1.72,21.09,26.02,44.45,27.7,"Y",0,0,0,167,29,NA,57.9
"340","8_1_3",2,"RMC","10/15/2015",NA,"7/24/2015",8,1,3,"W","CTL",1.78,1.72,NA,NA,NA,NA,NA,NA,NA,NA,NA,NA,NA,44.54,31.93,"Y",0,0,0,195,47,NA,57.9
"341","8_1_3",3,"RMC","9/24/2015",NA,"7/24/2015",8,1,3,"W","CTL",1.44,1.47,NA,NA,NA,NA,NA,NA,NA,NA,1.46,20.14,19.9,44.45,27.7,"Y",0,0,0,167,29,NA,57.9
"342","8_1_3",3,"RMC","10/15/2015",NA,"7/24/2015",8,1,3,"W","CTL",2.03,2.03,NA,NA,NA,NA,NA,NA,NA,NA,NA,NA,NA,44.54,31.93,"Y",0,0,0,195,47,NA,57.9
"343","8_1_3",4,"RMC","9/24/2015",NA,"7/24/2015",8,1,3,"W","CTL",1.5,1.47,NA,NA,NA,NA,NA,NA,NA,NA,1.49,19.22,25.34,44.45,27.7,"Y",0,0,0,167,29,NA,57.9
"344","8_1_3",4,"RMC","10/15/2015",NA,"7/24/2015",8,1,3,"W","CTL",1.69,1.69,NA,NA,NA,NA,NA,NA,NA,NA,NA,NA,NA,44.54,31.93,"Y",0,0,0,195,47,NA,57.9
"345","8_1_3",5,"RMC","9/24/2015",NA,"7/24/2015",8,1,3,"W","CTL",1.41,1.53,1.54,NA,NA,NA,NA,NA,NA,NA,1.54,13.12,15.79,44.45,27.7,"Y",0,0,0,167,29,NA,57.9
"346","8_1_3",5,"RMC","10/15/2015",NA,"7/24/2015",8,1,3,"W","CTL",2,1.97,NA,NA,NA,NA,NA,NA,NA,NA,NA,NA,NA,44.54,31.93,"Y",0,0,0,195,47,NA,57.9
"347","8_1_3",6,"RMC","9/24/2015",NA,"7/24/2015",8,1,3,"W","CTL",1.41,1.53,1.4,NA,NA,NA,NA,NA,NA,NA,1.41,20.89,17.92,44.45,27.7,"Y",0,0,0,167,29,NA,57.9
"348","8_1_3",6,"RMC","10/15/2015",NA,"7/24/2015",8,1,3,"W","CTL",1.75,1.75,NA,NA,NA,NA,NA,NA,NA,NA,NA,NA,NA,44.54,31.93,"Y",0,0,0,195,47,NA,57.9
"349","8_1_3",7,"RMC","9/24/2015",NA,"7/24/2015",8,1,3,"W","CTL",2,2.13,1.97,NA,NA,NA,NA,NA,NA,NA,1.99,18.69,25.77,44.45,27.7,"Y",0,0,0,167,29,NA,57.9
"350","8_1_3",7,"RMC","10/15/2015",NA,"7/24/2015",8,1,3,"W","CTL",2.13,2.12,NA,NA,NA,NA,NA,NA,NA,NA,NA,NA,NA,44.54,31.93,"Y",0,0,0,195,47,NA,57.9
"351","8_1_3",8,"RMC","9/24/2015",NA,"7/24/2015",8,1,3,"W","CTL",1.41,1.41,NA,NA,NA,NA,NA,NA,NA,NA,1.41,13.07,17.73,44.45,27.7,"Y",0,0,0,167,29,NA,57.9
"352","8_1_3",8,"RMC","10/15/2015",NA,"7/24/2015",8,1,3,"W","CTL",1.75,1.87,1.88,NA,NA,NA,NA,NA,NA,NA,NA,NA,NA,44.54,31.93,"Y",0,0,0,195,47,NA,57.9
"353","8_1_3",9,"RMC","9/24/2015",NA,"7/24/2015",8,1,3,"W","CTL",1.54,1.63,NA,NA,NA,NA,NA,NA,NA,NA,1.59,16.41,14.73,44.45,27.7,"Y",0,0,0,167,29,NA,57.9
"354","8_1_3",9,"RMC","10/15/2015",NA,"7/24/2015",8,1,3,"W","CTL",1.85,1.87,NA,NA,NA,NA,NA,NA,NA,NA,NA,NA,NA,44.54,31.93,"Y",0,0,0,195,47,NA,57.9
"355","8_1_3",10,"RMC","9/24/2015",NA,"7/24/2015",8,1,3,"W","CTL",1.62,1.65,NA,NA,NA,NA,NA,NA,NA,NA,1.64,16.36,23.99,44.45,27.7,"Y",0,0,0,167,29,NA,57.9
"356","8_1_3",10,"RMC","10/15/2015",NA,"7/24/2015",8,1,3,"W","CTL",1.87,1.81,NA,NA,NA,NA,NA,NA,NA,NA,NA,NA,NA,44.54,31.93,"Y",0,0,0,195,47,NA,57.9
"357","8_2_1",1,"RMC","9/25/2015",NA,"7/31/2015",8,2,1,"A","CTL",1.75,1.65,NA,NA,NA,NA,NA,NA,NA,NA,1.7,19.78,20.53,40.82,32.66,"Y",0,0,0,302,44,NA,74
"358","8_2_1",1,"RMC","3/17/2016","sticky seeds","7/31/2015",8,2,1,"A","CTL",2.28,2.34,NA,NA,NA,NA,NA,NA,NA,NA,2.31,16.61,24.81,44.62,29.38,"Y",0,0,0,272,30,NA,74
"359","8_2_1",2,"RMC","3/17/2016","sticky seeds","7/31/2015",8,2,1,"A","CTL",2.34,2.38,NA,NA,NA,NA,NA,NA,NA,NA,2.36,15.23,18.91,44.62,29.38,"Y",0,0,0,272,30,NA,74
"360","8_2_2",1,"RMC","10/22/2015",NA,"7/24/2015",8,2,2,"A","E",2.78,2.78,NA,NA,NA,NA,NA,NA,NA,NA,2.78,14.92,23.01,42,37.78,"Y",0,0,0,19,241,"6/5/2015",52.6
"361","8_2_2",2,"RMC","10/22/2015",NA,"7/24/2015",8,2,2,"A","E",3.91,3.72,3.66,NA,NA,NA,NA,NA,NA,NA,3.69,16.38,17.91,42,37.78,"Y",0,0,0,19,241,"6/5/2015",52.6
"362","8_2_2",3,"RMC","10/22/2015",NA,"7/24/2015",8,2,2,"A","E",3.18,3.16,NA,NA,NA,NA,NA,NA,NA,NA,3.17,19.02,19.52,42,37.78,"Y",0,0,0,19,241,"6/5/2015",52.6
"363","8_2_2",4,"RMC","10/22/2015",NA,"7/24/2015",8,2,2,"A","E",3.37,3.5,3.34,NA,NA,NA,NA,NA,NA,NA,3.36,18.34,19.24,42,37.78,"Y",0,0,0,19,241,"6/5/2015",52.6
"364","8_2_2",5,"RMC","10/22/2015",NA,"7/24/2015",8,2,2,"A","E",3.37,3.57,3.63,NA,NA,NA,NA,NA,NA,NA,3.6,15.88,17.85,42,37.78,"Y",0,0,0,19,241,"6/5/2015",52.6
"365","8_2_2",6,"RMC","10/22/2015",NA,"7/24/2015",8,2,2,"A","E",3.53,3.46,NA,NA,NA,NA,NA,NA,NA,NA,3.5,18.5,22.45,42,37.78,"Y",0,0,0,19,241,"6/5/2015",52.6
"366","8_2_2",7,"RMC","10/22/2015",NA,"7/24/2015",8,2,2,"A","E",3.41,3.44,NA,NA,NA,NA,NA,NA,NA,NA,3.43,17.51,25.89,42,37.78,"Y",0,0,0,19,241,"6/5/2015",52.6
"367","8_2_2",8,"RMC","10/22/2015",NA,"7/24/2015",8,2,2,"A","E",3.81,3.6,3.88,NA,NA,NA,NA,NA,NA,NA,3.85,18.68,19.77,42,37.78,"Y",0,0,0,19,241,"6/5/2015",52.6
"368","8_2_2",9,"RMC","10/22/2015",NA,"7/24/2015",8,2,2,"A","E",3.22,3.25,NA,NA,NA,NA,NA,NA,NA,NA,3.24,17.24,23.65,42,37.78,"Y",0,0,0,19,241,"6/5/2015",52.6
"369","8_2_2",10,"RMC","10/22/2015",NA,"7/24/2015",8,2,2,"A","E",3.16,3.25,NA,NA,NA,NA,NA,NA,NA,NA,3.2,18.43,16.83,42,37.78,"Y",0,0,0,19,241,"6/5/2015",52.6
"370","9_1_1",1,"RMC","9/16/2016",NA,"7/24/2015",9,1,1,"A","L",2.68,2.63,NA,NA,NA,NA,NA,NA,NA,NA,2.66,20.17,23.49,34.46,26.43,"Y",0,0,0,2,86,"6/13/2015",41.2
"371","9_1_1",2,"RMC","9/16/2016",NA,"7/24/2015",9,1,1,"A","L",1.97,1.94,NA,NA,NA,NA,NA,NA,NA,NA,1.96,17.27,13.77,34.46,26.43,"Y",0,0,0,2,86,"6/13/2015",41.2
"372","9_1_1",3,"RMC","9/16/2016",NA,"7/24/2015",9,1,1,"A","L",2.72,2.5,2.72,NA,NA,NA,NA,NA,NA,NA,2.72,16.35,21.09,34.46,26.43,"Y",0,0,0,2,86,"6/13/2015",41.2
"373","9_1_1",4,"RMC","9/16/2016",NA,"7/24/2015",9,1,1,"A","L",2.15,2.25,NA,NA,NA,NA,NA,NA,NA,NA,2.2,17.85,17.54,34.46,26.43,"Y",0,0,0,2,86,"6/13/2015",41.2
"374","9_1_1",5,"RMC","9/16/2016",NA,"7/24/2015",9,1,1,"A","L",1.71,1.71,NA,NA,NA,NA,NA,NA,NA,NA,1.71,16.86,14.71,34.46,26.43,"Y",0,0,0,2,86,"6/13/2015",41.2
"375","9_1_1",6,"RMC","9/16/2016",NA,"7/24/2015",9,1,1,"A","L",1.72,1.78,NA,NA,NA,NA,NA,NA,NA,NA,1.75,14.95,11.2,34.46,26.43,"Y",0,0,0,2,86,"6/13/2015",41.2
"376","9_1_1",7,"RMC","9/16/2016",NA,"7/24/2015",9,1,1,"A","L",2.75,2.72,NA,NA,NA,NA,NA,NA,NA,NA,2.74,15.74,17.62,34.46,26.43,"Y",0,0,0,2,86,"6/13/2015",41.2
"377","9_1_1",8,"RMC","9/16/2016",NA,"7/24/2015",9,1,1,"A","L",2.34,2.31,NA,NA,NA,NA,NA,NA,NA,NA,2.33,14.55,15.47,34.46,26.43,"Y",0,0,0,2,86,"6/13/2015",41.2
"378","9_1_2",1,"RMC","5/6/2016",NA,"7/24/2015",9,1,2,"A","E",1.44,1.53,NA,NA,NA,NA,NA,NA,NA,NA,1.49,10.99,8.22,33.7,24.16,"Y",0,0,0,34,65,"6/5/2015",40.2
"379","9_1_2",2,"RMC","5/6/2016",NA,"7/24/2015",9,1,2,"A","E",1.16,1.13,NA,NA,NA,NA,NA,NA,NA,NA,1.15,10.83,6.61,33.7,24.16,"Y",0,0,0,34,65,"6/5/2015",40.2
"380","9_1_2",3,"RMC","5/6/2016",NA,"7/24/2015",9,1,2,"A","E",0.96,0.91,NA,NA,NA,NA,NA,NA,NA,NA,0.94,9.99,4.42,33.7,24.16,"Y",0,0,0,34,65,"6/5/2015",40.2
"381","9_1_3",1,"RMC","5/6/2016","appears to be bite marks on seeds","7/24/2015",9,1,3,"A","CTL",1.97,1.84,1.88,NA,NA,NA,NA,NA,NA,NA,1.86,19.39,13.37,41.23,31.03,"Y",0,0,0,124,16,NA,63.8
"382","9_1_3",2,"RMC","5/6/2016","appears to be bite marks on seeds","7/24/2015",9,1,3,"A","CTL",2.1,2.03,NA,NA,NA,NA,NA,NA,NA,NA,2.07,9.73,11.43,41.23,31.03,"Y",0,0,0,124,16,NA,63.8
"383","9_2_1",1,"RMC","9/21/2016","head is moldy","7/31/2015",9,2,1,"W","E",1.75,1.78,NA,NA,NA,NA,NA,NA,NA,NA,1.77,13.62,21.06,38.4,23.84,"Y",0,0,0,124,17,"6/5/2015",70
"384","9_2_3",1,"RMC","9/9/2016","1 R. Conicus","7/24/2015",9,2,3,"W","CTL",1.84,1.81,NA,NA,NA,NA,NA,NA,NA,NA,1.83,20.68,25.24,35.73,26.29,"Y",0,0,0,140,30,NA,85
"385","9_2_3",2,"RMC","9/9/2016","1 R. Conicus","7/24/2015",9,2,3,"W","CTL",1.66,1.72,NA,NA,NA,NA,NA,NA,NA,NA,1.69,20.31,18.67,35.73,26.29,"Y",0,0,0,140,30,NA,85
"386","9_2_3",3,"RMC","9/9/2016","1 R. Conicus","7/24/2015",9,2,3,"W","CTL",1.78,1.91,1.81,NA,NA,NA,NA,NA,NA,NA,1.8,17.28,15.41,35.73,26.29,"Y",0,0,0,140,30,NA,85
"387","9_2_3",4,"RMC","9/9/2016","1 R. Conicus","7/24/2015",9,2,3,"W","CTL",1.56,1.68,1.75,NA,NA,NA,NA,NA,NA,NA,1.72,15.63,21.85,35.73,26.29,"Y",0,0,0,140,30,NA,85
"388","9_2_3",5,"RMC","9/9/2016","1 R. Conicus","7/24/2015",9,2,3,"W","CTL",1.25,1.25,NA,NA,NA,NA,NA,NA,NA,NA,1.25,17.6,13.61,35.73,26.29,"Y",0,0,0,140,30,NA,85
"389","9_2_3",6,"RMC","9/9/2016","1 R. Conicus","7/24/2015",9,2,3,"W","CTL",1.59,1.66,NA,NA,NA,NA,NA,NA,NA,NA,1.64,20.25,21.03,35.73,26.29,"Y",0,0,0,140,30,NA,85
"390","9_2_3",7,"RMC","9/9/2016","1 R. Conicus","7/24/2015",9,2,3,"W","CTL",1.63,1.65,NA,NA,NA,NA,NA,NA,NA,NA,1.64,21.37,22.22,35.73,26.29,"Y",0,0,0,140,30,NA,85
"391","9_2_3",8,"RMC","9/9/2016","1 R. Conicus","7/24/2015",9,2,3,"W","CTL",1.09,1.15,NA,NA,NA,NA,NA,NA,NA,NA,1.12,19.2,12.03,35.73,26.29,"Y",0,0,0,140,30,NA,85
"392","9_2_3",9,"RMC","9/9/2016","1 R. Conicus","7/24/2015",9,2,3,"W","CTL",0.91,1,NA,NA,NA,NA,NA,NA,NA,NA,0.96,19.39,8.34,35.73,26.29,"Y",0,0,0,140,30,NA,85
"393","9_2_3",10,"RMC","9/9/2016","1 R. Conicus","7/24/2015",9,2,3,"W","CTL",0.84,0.91,NA,NA,NA,NA,NA,NA,NA,NA,0.88,17.78,12.02,35.73,26.29,"Y",0,0,0,140,30,NA,85
